num_conta,cod_cliente,cod_agencia,cod_colaborador,tipo_conta,data_abertura,saldo_total,saldo_disponivel,data_ultimo_lancamento,data_abertura_month,data_abertura_year
53,53,1,7,PF,2011-05-24 15:30:00,2984.7615,2814.67,2019-07-02 11:03:46,2011-05,2011
190,190,1,7,PF,2014-10-17 14:48:00,4262.4322,4191.860000000001,2021-03-25 12:00:15,2014-10,2014
191,191,1,7,PF,2013-03-23 14:14:00,3266.567999999999,3080.7099999999987,2016-09-09 23:34:15,2013-03,2013
203,203,1,7,PF,2016-08-03 16:13:00,21241.542400000013,19461.56000000001,2022-12-28 07:58:24,2016-08,2016
254,254,1,7,PF,2012-10-24 13:48:00,13335.696599999996,13197.539999999995,2013-12-20 22:20:00,2012-10,2012
306,306,1,7,PF,2012-05-23 12:11:00,22997.473800000003,21677.880000000005,2016-10-05 03:14:36,2012-05,2012
472,472,1,7,PF,2022-08-07 12:08:00,4178.4237,4183.68,,2022-08,2022
520,520,1,7,PF,2019-11-03 16:26:00,1809.8087000000016,1288.5100000000016,,2019-11,2019
739,739,1,7,PF,2014-02-26 12:20:00,45.769100000000265,616.7900000000002,,2014-02,2014
509,509,1,13,PF,2012-01-20 11:56:00,19159.795199999997,19863.759999999995,2016-06-09 22:25:04,2012-01,2012
688,688,1,13,PF,2017-12-05 11:03:00,61105.5635,55917.15,2022-09-24 13:18:37,2017-12,2017
775,775,1,13,PF,2011-03-19 14:55:00,39008.684,35288.34,2021-06-25 14:12:03,2011-03,2011
920,920,1,13,PF,2021-01-22 13:48:00,2023.5779999999968,2511.2999999999965,,2021-01,2021
954,954,1,13,PF,2012-04-15 10:23:00,35545.032199999994,34545.61999999999,2020-03-22 02:59:42,2012-04,2012
955,955,1,13,PF,2020-03-28 14:02:00,79502.06880000004,80952.72000000003,2022-06-04 07:26:23,2020-03,2020
170,170,1,14,PF,2022-12-15 16:01:00,926.7056000000008,335.3800000000008,,2022-12,2022
218,218,1,14,PF,2019-10-01 16:05:00,180027.69259999998,168407.87999999998,2022-09-09 10:51:55,2019-10,2019
555,555,1,14,PF,2012-08-24 12:57:00,52691.5446,54240.69,2019-04-01 21:41:58,2012-08,2012
741,741,1,14,PF,2012-03-03 14:17:00,91849.87459999991,83480.03999999992,2020-11-17 22:35:58,2012-03,2012
751,751,1,14,PF,2012-01-13 12:29:00,59.75030000000001,44.86000000000001,2022-07-17 17:25:28,2012-01,2012
953,953,1,14,PF,2015-06-11 15:05:00,1866.7326,1827.75,,2015-06,2015
108,108,1,23,PF,2017-04-13 12:21:00,1171.4528000000034,812.5600000000035,,2017-04,2017
110,110,1,23,PF,2020-06-19 16:06:00,11059.761600000003,10208.050000000005,,2020-06,2020
242,242,1,23,PF,2010-05-06 14:03:00,165102.06389999992,163409.6799999999,2019-08-09 23:42:11,2010-05,2010
528,528,1,23,PF,2013-08-15 14:41:00,7243.5916,7380.669999999998,2018-09-04 03:56:17,2013-08,2013
844,844,1,23,PF,2022-09-19 12:48:00,20803.9404,20373.14,,2022-09,2022
888,888,1,23,PF,2016-04-13 11:01:00,91067.67659999996,87609.81999999996,2021-05-22 22:18:09,2016-04,2016
171,171,1,24,PF,2022-03-04 16:24:00,68520.05990000001,66507.14,,2022-03,2022
291,291,1,24,PF,2012-02-26 12:34:00,40641.12359999999,41016.19999999999,2022-12-08 08:47:13,2012-02,2012
481,481,1,24,PF,2020-04-14 16:19:00,86.27849999999992,74.5299999999999,2022-11-20 16:50:25,2020-04,2020
564,564,1,24,PF,2015-05-20 11:34:00,20584.694199999987,19955.29999999999,2017-07-18 11:54:24,2015-05,2015
584,584,1,24,PF,2014-11-07 11:59:00,1658.1686000000025,1592.7000000000023,2019-08-27 12:10:09,2014-11,2014
635,635,1,24,PF,2022-09-12 15:38:00,1534.556500000012,1252.5500000000109,,2022-09,2022
116,116,1,30,PF,2014-10-17 13:19:00,20992.1828,20458.98,2022-08-12 12:32:52,2014-10,2014
153,153,1,30,PF,2014-09-12 16:45:00,14581.898099999991,14679.189999999991,2019-05-05 14:56:38,2014-09,2014
176,176,1,30,PF,2019-04-20 14:06:00,14244.926599999995,12934.409999999996,2020-12-19 13:15:50,2019-04,2019
199,199,1,30,PF,2019-01-10 12:24:00,92338.31459999998,94200.57999999999,2022-12-29 23:37:56,2019-01,2019
207,207,1,30,PF,2022-06-24 16:07:00,13029.244800000006,52.13000000000648,,2022-06,2022
275,275,1,30,PF,2020-05-02 12:18:00,51431.948399999994,52418.23999999999,,2020-05,2020
361,361,1,30,PF,2018-01-08 14:30:00,16828.82879999998,17483.73999999998,2022-09-28 23:25:00,2018-01,2018
701,701,1,30,PF,2013-02-24 10:46:00,53.499700000001695,37.57000000000168,2020-03-30 08:05:11,2013-02,2013
808,808,1,30,PF,2013-08-08 14:43:00,33978.82949999999,32308.149999999998,2022-04-21 18:11:48,2013-08,2013
910,910,1,30,PF,2011-11-03 16:42:00,38140.17900000001,38894.44000000001,2018-11-01 23:32:33,2011-11,2011
290,290,1,31,PF,2016-02-19 12:30:00,10809.2902,8075.479999999999,,2016-02,2016
451,451,1,31,PF,2011-08-25 11:33:00,14880.729600000004,15408.800000000008,2013-08-31 23:35:07,2011-08,2011
557,557,1,31,PF,2017-12-09 12:29:00,2841.3440000000005,2543.8200000000006,2022-12-29 23:56:57,2017-12,2017
617,617,1,31,PF,2016-02-17 11:37:00,28163.41999999999,28107.83999999999,2017-10-26 19:24:41,2016-02,2016
632,632,1,31,PF,2017-07-25 16:41:00,15022.800599999991,14852.299999999992,,2017-07,2017
740,740,1,31,PF,2019-11-12 12:14:00,788.5975999999996,697.9799999999996,2022-12-29 23:50:54,2019-11,2019
134,134,1,34,PF,2013-06-11 11:41:00,19285.300000000003,19263.65,2017-06-15 07:46:25,2013-06,2013
410,410,1,34,PF,2019-04-22 13:24:00,2612.7907000000005,2608.2900000000004,,2019-04,2019
429,429,1,34,PF,2015-05-28 15:38:00,7184.023199999996,5418.259999999997,,2015-05,2015
496,496,1,34,PF,2020-02-27 12:50:00,18.424999999999844,78.94999999999986,,2020-02,2020
631,631,1,34,PF,2010-12-10 15:06:00,21223.449599999996,22164.989999999994,2014-05-25 15:37:54,2010-12,2010
878,878,1,34,PF,2012-05-16 14:13:00,32869.20199999998,34449.169999999984,2021-05-13 20:48:23,2012-05,2012
6,6,1,42,PF,2010-03-09 12:09:00,14236.26639999999,13407.47999999999,2016-10-02 22:42:28,2010-03,2010
620,620,1,42,PF,2010-06-21 16:42:00,29814.946500000005,28876.550000000003,2014-01-29 19:49:43,2010-06,2010
714,714,1,42,PF,2015-06-18 11:20:00,48216.74,43787.35999999999,2020-07-12 04:06:16,2015-06,2015
877,877,1,42,PF,2013-02-11 11:31:00,125716.2786,126887.95,2019-05-21 20:49:47,2013-02,2013
286,286,1,58,PF,2021-07-12 12:27:00,3985.904599999996,2427.579999999996,2022-12-29 23:52:25,2021-07,2021
559,559,1,58,PF,2011-02-05 14:40:00,31372.237,29533.51,,2011-02,2011
911,911,1,58,PF,2011-09-22 12:17:00,3545.6639999999943,3563.1999999999944,,2011-09,2011
40,40,1,62,PF,2015-04-14 14:50:00,461.3510000000004,164.3100000000003,,2015-04,2015
90,90,1,62,PF,2014-05-15 13:06:00,109727.88199999995,99717.26999999996,2015-12-25 21:14:30,2014-05,2014
93,93,1,62,PF,2021-10-27 11:09:00,354.4128000000052,270.1800000000054,,2021-10,2021
147,147,1,62,PF,2014-08-14 14:32:00,42405.94920000002,41516.750000000015,2015-11-13 17:37:41,2014-08,2014
486,486,1,62,PF,2015-04-23 13:18:00,197.3625000000003,155.7200000000003,2022-12-29 22:47:31,2015-04,2015
501,501,1,62,PF,2018-06-20 14:51:00,232815.7920000001,211636.0400000001,,2018-06,2018
670,670,1,62,PF,2022-10-25 14:11:00,42711.761900000005,41331.12,,2022-10,2022
735,735,1,62,PF,2012-12-03 13:05:00,72474.23160000001,67091.37000000001,2021-04-25 23:19:48,2012-12,2012
805,805,1,62,PF,2011-05-08 14:35:00,4438.540799999998,4510.779999999998,,2011-05,2011
19,19,1,67,PF,2019-10-05 13:24:00,2615.3160000000025,2364.850000000002,,2019-10,2019
106,106,1,67,PF,2010-08-14 15:55:00,68269.50800000003,71851.76000000001,2020-09-28 20:33:20,2010-08,2010
146,146,1,67,PF,2010-06-27 10:33:00,10975.191099999996,11304.699999999995,2014-03-23 07:15:00,2010-06,2010
154,154,1,67,PF,2013-10-14 11:46:00,81928.2464,78745.64,2018-05-10 18:30:26,2013-10,2013
198,198,1,67,PF,2016-09-09 11:33:00,7893.017599999994,7802.339999999994,2022-12-29 22:42:22,2016-09,2016
200,200,1,67,PF,2015-05-17 10:24:00,3503.0599999999927,2941.4999999999927,2022-12-26 07:35:44,2015-05,2015
260,260,1,67,PF,2013-10-22 14:33:00,23435.394300000007,22294.71000000001,2022-06-06 17:43:44,2013-10,2013
347,347,1,67,PF,2011-02-03 16:40:00,83141.23550000001,87482.30000000002,2015-05-01 04:58:44,2011-02,2011
357,357,1,67,PF,2021-07-12 15:17:00,71.38890000000038,21.400000000000382,,2021-07,2021
497,497,1,67,PF,2021-10-25 16:18:00,44788.254,45546.6,,2021-10,2021
598,598,1,67,PF,2015-02-09 13:15:00,6940.731599999996,6722.359999999997,,2015-02,2015
715,715,1,67,PF,2018-12-20 16:17:00,27057.146300000026,23267.770000000022,,2018-12,2018
925,925,1,67,PF,2014-07-10 14:52:00,7854.303599999998,7813.65,2022-12-29 22:10:15,2014-07,2014
68,68,1,72,PF,2019-08-11 11:02:00,66.69119999999536,54.71999999999517,,2019-08,2019
195,195,1,72,PF,2011-03-08 13:26:00,28846.584000000003,27711.570000000003,2015-04-03 11:22:27,2011-03,2011
280,280,1,72,PF,2017-04-20 14:07:00,14666.520399999994,13614.039999999994,2022-09-20 20:09:54,2017-04,2017
284,284,1,72,PF,2020-02-18 13:51:00,42994.116,43554.02999999999,2022-12-29 22:10:49,2020-02,2020
604,604,1,72,PF,2022-03-20 16:32:00,66821.99049999999,68837.84999999999,,2022-03,2022
697,697,1,72,PF,2013-01-24 12:46:00,1323.3989999999512,1185.809999999952,2016-09-14 12:33:25,2013-01,2013
831,831,1,72,PF,2016-01-22 11:28:00,32572.57580000001,31390.160000000003,2022-12-29 23:57:40,2016-01,2016
141,141,1,77,PF,2012-05-10 13:49:00,8239.799700000001,8311.67,2015-02-25 00:30:47,2012-05,2012
208,208,1,77,PF,2013-05-12 13:48:00,99593.4702,101572.38,2016-07-29 15:49:35,2013-05,2013
382,382,1,77,PF,2010-02-02 14:28:00,6992.420000000003,6935.260000000002,2017-02-22 12:18:12,2010-02,2010
431,431,1,77,PF,2013-11-20 11:12:00,31323.332700000014,31597.66000000001,2019-04-02 12:38:44,2013-11,2013
574,574,1,77,PF,2014-03-05 16:10:00,11612.546000000002,10535.63,2022-07-03 23:00:19,2014-03,2014
684,684,1,77,PF,2020-03-14 11:55:00,14568.495099999996,14689.169999999996,,2020-03,2020
717,717,1,77,PF,2015-02-21 12:48:00,30082.003200000003,29273.680000000004,2020-02-21 02:00:45,2015-02,2015
892,892,1,77,PF,2015-08-05 12:19:00,8397.359999999995,7660.1199999999935,2019-05-25 15:09:19,2015-08,2015
145,145,1,79,PF,2011-03-03 13:41:00,69766.7927,65137.83000000001,2020-10-03 14:06:51,2011-03,2011
152,152,1,79,PF,2017-07-01 14:56:00,68.44200000000157,16.22000000000142,,2017-07,2017
258,258,1,79,PF,2011-08-21 14:49:00,14823.2112,14252.92,2022-05-06 12:23:37,2011-08,2011
293,293,1,79,PF,2018-10-14 12:48:00,34326.80460000002,33578.19000000002,2022-10-29 02:01:59,2018-10,2018
473,473,1,79,PF,2016-01-02 10:15:00,50851.23390000001,49224.08,2020-10-04 09:33:03,2016-01,2016
567,567,1,79,PF,2011-05-16 10:17:00,31479.6024,29103.95,2015-09-15 11:33:09,2011-05,2011
758,758,1,79,PF,2014-12-25 13:17:00,62228.87,56551.49,2019-09-19 03:25:22,2014-12,2014
875,875,1,79,PF,2015-01-18 15:07:00,33365.150700000006,30866.630000000005,2022-12-29 23:55:10,2015-01,2015
989,989,1,79,PF,2021-11-25 14:47:00,754.6140000000004,577.4000000000003,2022-12-29 23:59:55,2021-11,2021
119,119,1,83,PF,2020-01-14 10:20:00,27043.2783,26165.99,2022-10-26 06:36:27,2020-01,2020
186,186,1,83,PF,2022-02-21 15:05:00,164.7085999999998,134.1999999999998,,2022-02,2022
231,231,1,83,PF,2012-06-25 11:43:00,52988.99720000004,49969.30000000004,2017-02-09 11:55:11,2012-06,2012
232,232,1,83,PF,2013-11-27 16:57:00,117243.3034,110336.89,2020-07-24 08:10:00,2013-11,2013
243,243,1,83,PF,2017-04-01 14:23:00,15640.929999999998,16447.329999999998,2022-10-24 13:33:00,2017-04,2017
331,331,1,83,PF,2012-09-22 16:29:00,15569.4227,15030.97,,2012-09,2012
602,602,1,83,PF,2018-10-24 13:07:00,10115.968099999996,9667.709999999997,2021-02-19 04:34:16,2018-10,2018
671,671,1,83,PF,2021-08-09 16:15:00,8075.951999999995,7551.609999999993,,2021-08,2021
804,804,1,83,PF,2011-12-06 13:00:00,58103.96340000001,56919.71000000001,2016-11-04 11:52:28,2011-12,2011
927,927,1,83,PF,2011-08-15 14:48:00,34239.264800000026,33034.49000000003,2013-02-06 13:38:57,2011-08,2011
938,938,1,83,PF,2016-12-12 12:27:00,167.207600000001,116.36000000000104,,2016-12,2016
42,42,2,12,PF,2013-04-12 12:10:00,27615.72,27609.02,2022-01-19 04:26:03,2013-04,2013
185,185,2,12,PF,2011-03-23 14:06:00,403.0492999999993,393.61999999999927,2021-03-04 19:53:30,2011-03,2011
415,415,2,12,PF,2015-06-09 14:03:00,66837.7112,64200.64,,2015-06,2015
504,504,2,12,PF,2015-04-22 14:18:00,45917.35829999998,46241.16999999998,2022-12-29 22:39:57,2015-04,2015
548,548,2,12,PF,2021-05-24 12:19:00,51462.004,47060.44,,2021-05,2021
23,23,2,15,PF,2012-12-06 10:38:00,19605.4353,19299.27,2022-12-29 23:58:10,2012-12,2012
55,55,2,15,PF,2016-11-10 14:25:00,353.76440000000025,322.2600000000002,,2016-11,2016
85,85,2,15,PF,2010-10-04 13:19:00,55114.8674,10769.580000000002,2022-12-11 09:49:24,2010-10,2010
138,138,2,15,PF,2018-04-06 10:08:00,230.13239999999968,116.0499999999997,,2018-04,2018
188,188,2,15,PF,2022-11-12 14:02:00,10111.06130000001,9159.69000000001,,2022-11,2022
432,432,2,15,PF,2011-04-27 12:38:00,122319.37840000007,115048.84000000004,,2011-04,2011
455,455,2,15,PF,2017-08-24 10:26:00,1440.951200000005,1268.5000000000048,2020-11-08 17:27:02,2017-08,2017
517,517,2,15,PF,2020-12-11 15:57:00,62271.81750000006,64049.89000000007,,2020-12,2020
545,545,2,15,PF,2019-12-16 10:22:00,20510.215600000003,20524.460000000003,,2019-12,2019
621,621,2,15,PF,2015-03-11 11:29:00,52509.97999999999,52048.079999999994,2022-10-12 01:15:42,2015-03,2015
762,762,2,15,PF,2022-09-15 14:36:00,28104.59999999997,27974.59999999997,,2022-09,2022
168,168,2,22,PF,2012-12-20 16:11:00,35959.304999999986,37827.95999999999,2022-07-06 14:23:09,2012-12,2012
456,456,2,22,PF,2014-02-12 15:54:00,25.758000000000948,12.040000000000893,2022-04-04 19:19:19,2014-02,2014
505,505,2,22,PF,2013-07-27 13:47:00,209128.9260000001,191520.6000000001,2022-10-19 20:01:15,2013-07,2013
566,566,2,22,PF,2013-11-11 12:53:00,5737.688000000004,5160.790000000003,2018-03-26 15:13:17,2013-11,2013
666,666,2,22,PF,2015-07-27 15:03:00,47389.7522,48308.97000000001,2020-02-25 11:30:30,2015-07,2015
750,750,2,22,PF,2012-05-05 11:32:00,3848.688399999997,3727.019999999996,2022-12-25 16:58:54,2012-05,2012
768,768,2,22,PF,2019-04-22 14:34:00,44919.12599999998,42951.11999999998,2022-12-29 23:55:59,2019-04,2019
14,14,2,28,PF,2014-08-26 14:14:00,3923.409599999999,3491.479999999999,,2014-08,2014
45,45,2,28,PF,2015-10-19 14:51:00,15400.831,13450.8,2021-06-10 00:38:31,2015-10,2015
221,221,2,28,PF,2016-08-16 13:42:00,2058.9816,2677.19,2022-12-28 18:28:44,2016-08,2016
534,534,2,28,PF,2015-01-25 16:56:00,32217.004799999995,33477.579999999994,2022-12-29 22:53:27,2015-01,2015
799,799,2,28,PF,2021-05-24 11:29:00,128.3256999999996,7.339999999999648,,2021-05,2021
841,841,2,28,PF,2020-04-16 16:11:00,35333.462400000004,36788.9,2022-12-28 23:54:25,2020-04,2020
896,896,2,28,PF,2018-06-19 14:13:00,36968.3095,39530.31,,2018-06,2018
915,915,2,28,PF,2018-12-25 12:03:00,12410.458000000002,12940.120000000004,2022-10-01 08:38:58,2018-12,2018
945,945,2,28,PF,2016-05-10 13:56:00,48981.1509,49096.21000000001,2022-12-03 14:04:20,2016-05,2016
435,435,2,46,PF,2011-02-02 11:14:00,41480.0435,40881.44,2019-06-30 20:38:23,2011-02,2011
616,616,2,46,PF,2017-08-04 10:47:00,16991.020800000002,15969.620000000004,,2017-08,2017
661,661,2,46,PF,2013-09-11 13:40:00,19.332100000000253,5.350000000000263,2022-12-29 23:59:56,2013-09,2013
664,664,2,46,PF,2017-11-12 15:21:00,17796.98040000001,17333.02000000001,,2017-11,2017
667,667,2,46,PF,2022-03-06 15:06:00,987.9820000000002,760.3900000000001,,2022-03,2022
766,766,2,46,PF,2014-09-07 13:15:00,271.74490000000026,334.3100000000003,,2014-09,2014
821,821,2,46,PF,2012-03-12 12:31:00,38099.7,37024.01,2016-02-26 14:02:42,2012-03,2012
36,36,2,56,PF,2012-02-17 15:58:00,41929.7528,40313.21,2022-12-29 23:59:54,2012-02,2012
46,46,2,56,PF,2011-06-04 11:10:00,47538.62399999999,151644.4,2016-09-08 06:26:30,2011-06,2011
277,277,2,56,PF,2013-06-09 12:38:00,1408.3783999999982,1263.3899999999985,2017-10-07 06:48:39,2013-06,2013
375,375,2,56,PF,2019-06-22 15:56:00,13593.814999999986,12657.899999999983,,2019-06,2019
495,495,2,56,PF,2015-07-02 11:07:00,29290.9448,28153.49,,2015-07,2015
539,539,2,56,PF,2011-04-21 10:58:00,17405.555999999997,16455.879999999997,2015-09-25 11:33:15,2011-04,2011
744,744,2,56,PF,2012-03-21 11:46:00,4711.0281,5493.63,2021-10-01 18:38:52,2012-03,2012
774,774,2,56,PF,2018-07-11 14:52:00,206361.4035,196440.97,2022-12-29 23:56:56,2018-07,2018
903,903,2,56,PF,2020-08-16 11:05:00,83936.27880000003,84439.77000000003,2022-03-13 19:41:29,2020-08,2020
930,930,2,56,PF,2018-04-03 11:06:00,16311.089999999998,8241.089999999998,2022-12-18 12:54:26,2018-04,2018
62,62,2,57,PF,2010-12-02 12:14:00,6662.318100000003,6390.180000000003,2020-06-28 21:08:18,2010-12,2010
73,73,2,57,PF,2012-06-21 14:25:00,2612.7198000000017,2439.8500000000013,2017-05-21 09:14:01,2012-06,2012
94,94,2,57,PF,2011-09-09 15:00:00,34545.95549999998,33166.60999999998,,2011-09,2011
175,175,2,57,PF,2015-12-17 14:44:00,1931.3690000000004,1744.86,2018-05-18 21:30:15,2015-12,2015
333,333,2,57,PF,2019-12-03 13:34:00,398.66040000000135,263.32000000000124,,2019-12,2019
677,677,2,57,PF,2018-01-15 11:14:00,39346.53060000002,38525.41000000002,2022-07-12 17:02:07,2018-01,2018
760,760,2,57,PF,2013-04-27 10:08:00,20116.39679999998,20875.569999999985,2015-06-05 12:29:59,2013-04,2013
801,801,2,57,PF,2019-09-27 15:29:00,34040.2118,34583.48,,2019-09,2019
905,905,2,57,PF,2013-03-04 12:38:00,18219.1695,17267.949999999997,2016-08-05 23:19:11,2013-03,2013
990,990,2,57,PF,2020-01-23 16:28:00,6317.251199999996,6536.309999999996,2021-09-25 07:50:51,2020-01,2020
26,26,2,63,PF,2012-08-12 16:34:00,10388.779200000006,10032.940000000006,2021-02-13 04:38:56,2012-08,2012
51,51,2,63,PF,2022-01-18 14:52:00,330.5536,305.04,,2022-01,2022
140,140,2,63,PF,2015-02-10 13:47:00,140807.6754,117253.54,,2015-02,2015
235,235,2,63,PF,2018-06-01 13:05:00,114315.5104,109905.99,2021-09-09 05:16:59,2018-06,2018
383,383,2,63,PF,2017-01-24 13:00:00,38945.74079999999,40234.87999999999,2018-06-24 03:58:10,2017-01,2017
633,633,2,63,PF,2011-05-08 13:51:00,16.79930000000043,0.6000000000004135,2018-08-30 03:58:32,2011-05,2011
4,4,2,65,PF,2017-04-06 12:28:00,184007.862,170283.25000000003,2022-11-12 11:50:05,2017-04,2017
27,27,2,65,PF,2022-05-10 12:29:00,263.7312,228.68,,2022-05,2022
95,95,2,65,PF,2021-09-22 15:00:00,176.30550000000068,253.21000000000063,,2021-09,2021
11,11,2,69,PF,2010-11-12 16:37:00,8749.808799999995,8414.479999999996,2022-12-29 23:59:56,2010-11,2010
177,177,2,69,PF,2022-10-15 16:31:00,12129.6075,12439.49,,2022-10,2022
244,244,2,69,PF,2012-04-20 13:36:00,22751.98930000001,22071.15000000001,2022-12-24 02:19:53,2012-04,2012
251,251,2,69,PF,2013-07-11 14:28:00,8907.738000000003,8346.630000000003,2021-09-05 04:36:19,2013-07,2013
468,468,2,69,PF,2021-08-27 13:19:00,10007.897200000005,10124.270000000002,,2021-08,2021
533,533,2,69,PF,2021-08-09 12:39:00,26541.77249999997,24783.64999999997,,2021-08,2021
759,759,2,69,PF,2022-01-02 14:41:00,937.5840000000003,1702.4000000000003,,2022-01,2022
919,919,2,69,PF,2014-10-18 12:17:00,11549.642999999998,11770.39,2018-09-03 14:38:01,2014-10,2014
972,972,2,69,PF,2010-08-10 15:41:00,18882.358000000004,17130.820000000003,2022-05-08 01:59:15,2010-08,2010
166,166,2,70,PF,2014-11-21 15:42:00,124745.6959,122476.89,2021-01-20 11:41:39,2014-11,2014
222,222,2,70,PF,2014-05-11 10:03:00,10214.635,10068.5,2017-07-30 00:08:27,2014-05,2014
642,642,2,70,PF,2019-06-26 12:58:00,14609.89880000001,14856.86000000001,,2019-06,2019
655,655,2,70,PF,2016-02-11 14:22:00,74550.7858,70325.65,2020-05-15 16:28:49,2016-02,2016
699,699,2,70,PF,2011-03-22 14:49:00,24351.57009999999,22299.439999999988,,2011-03,2011
700,700,2,70,PF,2017-12-06 16:13:00,24760.97400000001,25235.92000000001,,2017-12,2017
510,510,2,81,PF,2012-03-16 13:03:00,23050.58800000001,20939.23000000001,,2012-03,2012
640,640,2,81,PF,2020-06-11 14:58:00,151.11360000000008,61.300000000000075,,2020-06,2020
668,668,2,81,PF,2015-03-03 12:16:00,2967.7232000000013,918.5800000000014,,2015-03,2015
879,879,2,81,PF,2013-07-12 10:44:00,238990.87940000003,231759.98000000004,2019-09-11 05:47:27,2013-07,2013
891,891,2,81,PF,2012-02-20 13:42:00,5171.9778000000015,5112.550000000002,2018-08-12 08:36:11,2012-02,2012
913,913,2,81,PF,2021-10-08 14:19:00,297.7511999999988,128.34999999999877,,2021-10,2021
75,75,2,96,PF,2011-06-12 13:50:00,43845.29979999999,44058.34,2022-10-08 06:10:17,2011-06,2011
201,201,2,96,PF,2021-11-12 16:43:00,20524.2641,19820.47,,2021-11,2021
323,323,2,96,PF,2015-06-14 16:51:00,3914.170000000004,3800.270000000004,,2015-06,2015
372,372,2,96,PF,2013-11-27 13:03:00,25957.564499999982,24630.599999999988,2019-10-25 08:58:32,2013-11,2013
425,425,2,96,PF,2021-01-22 13:13:00,773.5351,29312.93,,2021-01,2021
547,547,2,96,PF,2013-04-04 15:11:00,24559.998500000005,45922.630000000005,2018-01-29 23:27:08,2013-04,2013
623,623,2,96,PF,2018-06-12 11:47:00,274.8616000000002,195.38000000000017,2021-11-04 05:58:29,2018-06,2018
659,659,2,96,PF,2011-09-22 14:33:00,43301.91960000001,40067.48,2019-10-04 10:28:51,2011-09,2011
797,797,2,96,PF,2018-10-21 14:14:00,66.31660000000005,40.060000000000045,,2018-10,2018
826,826,2,96,PF,2017-07-16 10:31:00,3343.123199999999,3376.4299999999994,2019-08-18 17:54:24,2017-07,2017
890,890,2,96,PF,2013-12-11 14:23:00,91.91260000000293,34.61000000000276,2022-09-19 07:33:48,2013-12,2013
998,998,2,96,PF,2013-11-07 13:05:00,12110.9472,47398.84,2016-07-24 12:03:50,2013-11,2013
135,135,3,4,PF,2016-07-03 12:30:00,7367.596799999995,7665.519999999995,2020-11-27 11:01:16,2016-07,2016
189,189,3,4,PF,2021-09-16 11:47:00,3657.9384,2875.48,2022-12-29 23:47:10,2021-09,2021
656,656,3,4,PF,2019-02-20 12:24:00,30350.7828,30770.779999999995,2021-05-18 04:02:16,2019-02,2019
814,814,3,4,PF,2014-09-09 14:55:00,20261.3382,19025.32,2018-09-10 03:08:32,2014-09,2014
876,876,3,4,PF,2019-04-17 11:01:00,5137.496099999999,5069.369999999998,,2019-04,2019
895,895,3,4,PF,2022-08-15 11:35:00,3191.855400000008,3020.270000000008,,2022-08,2022
963,963,3,4,PF,2022-06-13 15:07:00,6909.477300000004,6250.550000000002,,2022-06,2022
70,70,3,27,PF,2021-02-18 15:23:00,108.51049999999992,28940.35,,2021-02,2021
229,229,3,27,PF,2013-01-20 11:26:00,15665.469999999998,15511.599999999997,2016-11-13 19:53:00,2013-01,2013
368,368,3,27,PF,2016-03-03 13:31:00,12017.386499999982,12075.629999999985,,2016-03,2016
376,376,3,27,PF,2012-04-07 15:08:00,11668.1467,10745.11,2022-09-30 08:42:18,2012-04,2012
721,721,3,27,PF,2022-07-17 14:30:00,1729.3182,1623.7099999999998,,2022-07,2022
845,845,3,27,PF,2020-12-16 15:14:00,904.8035,477.9500000000001,,2020-12,2020
897,897,3,27,PF,2016-12-07 11:46:00,208.5145999999995,156.1499999999995,,2016-12,2016
21,21,3,37,PF,2016-07-10 12:29:00,7250.567999999998,6957.3099999999995,2022-11-24 19:30:54,2016-07,2016
129,129,3,37,PF,2013-01-08 15:31:00,40602.261200000015,38336.69000000001,2020-04-09 07:00:43,2013-01,2013
212,212,3,37,PF,2021-04-09 15:40:00,26933.379200000003,26472.640000000003,,2021-04,2021
420,420,3,37,PF,2013-01-24 10:10:00,10852.621899999998,11170.85,2017-05-22 20:51:50,2013-01,2013
608,608,3,37,PF,2014-09-20 11:49:00,28555.18,28544.94,2019-12-14 17:57:10,2014-09,2014
767,767,3,37,PF,2019-12-06 15:52:00,77102.72960000002,74114.26000000001,2022-12-18 14:40:10,2019-12,2019
850,850,3,37,PF,2013-07-22 14:42:00,117660.80210000002,107914.04,2018-08-05 01:57:43,2013-07,2013
173,173,3,41,PF,2021-05-12 14:45:00,87.43559999999941,536.7199999999993,,2021-05,2021
525,525,3,41,PF,2012-05-03 13:10:00,22773.805600000007,20567.89000000001,2017-10-21 07:21:47,2012-05,2012
576,576,3,41,PF,2015-12-26 13:07:00,1618.4770000000012,1368.4600000000014,2021-04-12 00:08:06,2015-12,2015
582,582,3,41,PF,2013-02-21 11:58:00,36087.81210000002,37148.300000000025,,2013-02,2013
603,603,3,41,PF,2018-04-20 10:44:00,4323.152400000006,4352.130000000007,2022-12-29 15:20:07,2018-04,2018
689,689,3,41,PF,2014-04-15 11:08:00,37557.594000000005,34398.15000000001,2022-12-29 22:51:57,2014-04,2014
861,861,3,41,PF,2018-07-15 11:31:00,3621.6449,3264.96,2022-09-26 16:33:15,2018-07,2018
104,104,3,45,PF,2018-01-04 12:09:00,10225.377600000003,10009.550000000005,,2018-01,2018
179,179,3,45,PF,2019-01-15 11:29:00,67454.04840000003,66086.48000000003,,2019-01,2019
364,364,3,45,PF,2013-09-07 14:06:00,19006.89699999999,19977.86999999999,2019-02-24 05:44:55,2013-09,2013
371,371,3,45,PF,2012-12-04 12:48:00,35852.78140000001,32782.46000000001,2022-12-29 23:58:41,2012-12,2012
535,535,3,45,PF,2014-09-06 13:52:00,35.272400000001035,24.180000000000945,2021-09-06 18:08:48,2014-09,2014
800,800,3,45,PF,2015-02-25 15:05:00,45523.6656,46356.45,,2015-02,2015
840,840,3,45,PF,2013-02-05 11:08:00,18951.811499999985,19926.04999999998,,2013-02,2013
966,966,3,45,PF,2013-11-05 15:33:00,15348.307200000008,15243.720000000008,2022-12-29 08:21:46,2013-11,2013
71,71,3,47,PF,2013-12-14 13:59:00,16164.536500000006,14842.350000000004,2019-12-04 03:28:17,2013-12,2013
162,162,3,47,PF,2012-11-15 11:37:00,22674.024800000007,22376.76000000001,2016-11-24 10:37:37,2012-11,2012
238,238,3,47,PF,2019-03-08 16:08:00,786.881199999999,783.199999999999,,2019-03,2019
374,374,3,47,PF,2013-07-28 11:52:00,71434.55279999998,69922.47999999997,2021-03-04 21:21:16,2013-07,2013
430,430,3,47,PF,2013-08-16 11:02:00,1546.6709999999994,1451.6799999999994,2019-03-11 04:35:56,2013-08,2013
752,752,3,47,PF,2017-10-28 15:26:00,657.9224999999992,538.6499999999992,,2017-10,2017
778,778,3,47,PF,2018-12-21 14:46:00,4988.4286999999995,5373.209999999998,,2018-12,2018
832,832,3,47,PF,2012-12-25 15:27:00,56012.785200000006,51659.170000000006,2019-09-23 22:31:07,2012-12,2012
863,863,3,47,PF,2015-11-26 12:41:00,118.80539999999988,56.559999999999874,2018-09-23 21:05:00,2015-11,2015
3,3,3,49,PF,2013-01-05 13:13:00,25244.4854,24079.04,2022-08-14 20:51:30,2013-01,2013
155,155,3,49,PF,2013-08-22 13:27:00,57577.009999999995,57526.37999999999,2018-09-21 22:25:28,2013-08,2013
523,523,3,49,PF,2013-03-18 10:44:00,16025.31,14722.03,2015-06-04 18:42:29,2013-03,2013
765,765,3,49,PF,2019-05-27 12:48:00,291.07760000000025,200.49000000000024,,2019-05,2019
846,846,3,49,PF,2013-10-12 10:33:00,143847.08800000002,130458.18000000002,,2013-10,2013
881,881,3,49,PF,2019-12-23 15:28:00,5707.786199999996,5466.5499999999965,2022-12-29 23:57:20,2019-12,2019
886,886,3,49,PF,2014-04-26 15:43:00,3586.692199999997,3645.789999999997,2019-03-02 04:00:38,2014-04,2014
909,909,3,74,PF,2019-01-04 13:26:00,64506.149500000014,67700.81000000003,2022-11-25 11:40:32,2019-01,2019
56,56,3,78,PF,2022-09-21 14:40:00,149048.21800000002,139067.40000000002,,2022-09,2022
269,269,3,78,PF,2013-01-05 13:51:00,15245.684999999998,14424.129999999996,2020-06-26 14:50:37,2013-01,2013
325,325,3,78,PF,2014-04-14 15:34:00,23586.847,24763.26,2017-06-18 05:59:33,2014-04,2014
480,480,3,78,PF,2012-12-09 11:58:00,104.97999999999924,11.269999999999255,2022-11-03 15:02:20,2012-12,2012
507,507,3,78,PF,2015-04-20 11:35:00,296.15340000000026,254.4300000000002,2021-09-24 11:34:05,2015-04,2015
599,599,3,78,PF,2020-01-11 14:52:00,161.93659999999943,139.20999999999944,2022-12-27 05:16:01,2020-01,2020
898,898,3,78,PF,2013-02-25 15:54:00,79839.1567,79023.89000000001,2018-03-09 02:47:00,2013-02,2013
914,914,3,78,PF,2017-11-11 11:08:00,675.8313999999997,650.8599999999997,2022-12-26 03:19:05,2017-11,2017
43,43,3,88,PF,2016-09-03 15:08:00,43388.047999999966,39429.829999999965,,2016-09,2016
80,80,3,88,PF,2015-04-23 15:08:00,28432.930999999975,29329.999999999975,2022-12-29 23:58:24,2015-04,2015
205,205,3,88,PF,2016-01-15 11:42:00,28440.02220000001,26009.76000000001,2022-08-23 17:11:54,2016-01,2016
373,373,3,88,PF,2013-07-19 15:18:00,47371.6908,48268.47000000001,2016-11-07 23:16:26,2013-07,2013
419,419,3,88,PF,2013-05-01 15:18:00,1444.2595999999996,1153.8499999999997,,2013-05,2013
115,115,3,98,PF,2013-01-16 15:15:00,6.474099999999996,82556.41,2016-08-14 00:37:46,2013-01,2013
193,193,3,98,PF,2014-06-24 14:39:00,9466.416000000003,9226.570000000003,,2014-06,2014
248,248,3,98,PF,2019-06-13 11:34:00,919.2544,871.17,2022-08-07 17:26:08,2019-06,2019
298,298,3,98,PF,2012-04-21 15:53:00,106461.8007,99486.45,2019-04-06 04:06:26,2012-04,2012
408,408,3,98,PF,2021-10-15 10:47:00,9193.057199999997,8497.309999999994,,2021-10,2021
416,416,3,98,PF,2022-12-18 13:37:00,35643.506000000016,34907.80000000001,,2022-12,2022
592,592,3,98,PF,2014-10-28 14:46:00,493.4051999999904,427.07999999999055,2022-12-06 18:19:31,2014-10,2014
866,866,3,98,PF,2019-06-22 13:36:00,4.34159999999972,624.8199999999997,,2019-06,2019
906,906,3,98,PF,2012-11-25 14:07:00,25095.490799999992,25725.93999999999,,2012-11,2012
960,960,3,98,PF,2014-07-05 13:14:00,78171.21,77835.11,2020-01-10 00:14:06,2014-07,2014
9,9,4,3,PF,2022-12-08 11:21:00,81101.62819999998,75739.06999999998,,2022-12,2022
39,39,4,3,PF,2022-04-25 15:35:00,12353.212799999988,12760.229999999983,,2022-04,2022
460,460,4,3,PF,2014-03-04 10:43:00,4130.975999999998,2982.799999999997,2022-12-24 04:32:38,2014-03,2014
571,571,4,3,PF,2018-01-18 14:36:00,469.7516000000012,316.6800000000012,,2018-01,2018
580,580,4,3,PF,2014-05-04 13:13:00,17823.12479999999,17114.16999999999,,2014-05,2014
727,727,4,3,PF,2020-08-10 12:55:00,2660.2608000000014,1976.6800000000007,2022-06-08 10:09:04,2020-08,2020
780,780,4,3,PF,2018-02-05 11:35:00,2476.529399999994,2414.309999999994,2022-02-20 07:42:18,2018-02,2018
813,813,4,3,PF,2020-08-28 11:27:00,410.8399999999999,202.0699999999999,,2020-08,2020
848,848,4,3,PF,2022-10-14 14:02:00,6.086400000000105,26.09000000000011,,2022-10,2022
924,924,4,3,PF,2021-10-20 15:55:00,26185.644,23748.1,2022-12-29 23:59:14,2021-10,2021
943,943,4,3,PF,2017-09-07 15:09:00,35595.4542,32521.38,,2017-09,2017
5,5,4,32,PF,2015-01-14 11:53:00,137649.18999999994,120169.18999999994,2018-07-24 03:18:52,2015-01,2015
49,49,4,32,PF,2021-05-05 12:58:00,349.16419999999965,97.48999999999968,,2021-05,2021
148,148,4,32,PF,2016-02-22 11:31:00,6451.976199999999,5824.069999999999,2022-12-28 19:44:36,2016-02,2016
187,187,4,32,PF,2022-03-08 15:48:00,8302.287000000002,7893.980000000001,,2022-03,2022
250,250,4,32,PF,2018-12-08 13:43:00,8020.7748,9242.54,,2018-12,2018
279,279,4,32,PF,2018-04-09 11:15:00,21046.9824,21497.92,,2018-04,2018
356,356,4,32,PF,2014-01-13 11:30:00,44776.380000000034,40667.300000000025,2022-06-01 14:56:38,2014-01,2014
444,444,4,32,PF,2022-11-20 16:56:00,3825.8640000000014,3737.0800000000017,,2022-11,2022
467,467,4,32,PF,2018-02-26 12:52:00,32232.6802,32091.99,,2018-02,2018
615,615,4,32,PF,2021-06-11 16:02:00,98888.4733,90717.11,,2021-06,2021
638,638,4,32,PF,2018-07-05 11:41:00,314.00000000000085,19.700000000000895,,2018-07,2018
705,705,4,32,PF,2015-07-24 13:19:00,7272.482000000004,7395.500000000005,2019-05-21 05:28:33,2015-07,2015
749,749,4,32,PF,2018-08-23 12:31:00,45291.66719999999,43485.13999999999,2021-05-18 15:03:23,2018-08,2018
781,781,4,32,PF,2014-09-23 11:27:00,337.701,78.42000000000002,2022-07-26 15:01:24,2014-09,2014
828,828,4,32,PF,2021-12-25 12:52:00,10753.2115,10954.17,,2021-12,2021
830,830,4,32,PF,2018-01-11 14:07:00,20823.5352,19957.63,2022-12-29 16:43:16,2018-01,2018
834,834,4,32,PF,2015-03-25 14:02:00,241.1655999999999,179.6499999999999,2018-08-31 03:04:19,2015-03,2015
923,923,4,32,PF,2021-05-05 13:11:00,21432.6196,21785.72,2022-12-29 23:59:59,2021-05,2021
988,988,4,32,PF,2021-02-22 14:02:00,2195.138399999999,2052.749999999998,2022-12-28 21:18:58,2021-02,2021
57,57,4,61,PF,2017-05-04 16:51:00,698.5659999999996,619.9799999999996,2022-12-29 23:58:01,2017-05,2017
60,60,4,61,PF,2017-11-28 14:52:00,3646.3741999999993,3704.5099999999993,2022-02-17 17:18:46,2017-11,2017
161,161,4,61,PF,2015-08-17 15:19:00,7354.644199999997,6742.019999999996,2021-10-24 13:08:04,2015-08,2015
230,230,4,61,PF,2020-12-22 16:37:00,8796.049600000004,8269.420000000006,,2020-12,2020
252,252,4,61,PF,2019-07-18 12:56:00,269.7096000000005,237.1200000000004,2021-06-17 13:59:18,2019-07,2019
322,322,4,61,PF,2014-06-27 15:40:00,48224.92949999998,48608.92999999997,2019-02-24 23:20:51,2014-06,2014
350,350,4,61,PF,2018-11-15 15:42:00,65716.299,66372.28,,2018-11,2018
541,541,4,61,PF,2019-04-25 13:04:00,80038.6673,82151.29,2022-12-29 18:39:24,2019-04,2019
568,568,4,61,PF,2020-08-22 15:21:00,78357.2816,74084.73999999996,,2020-08,2020
575,575,4,61,PF,2015-07-27 11:15:00,80964.10140000001,79474.92000000001,2022-06-23 07:35:02,2015-07,2015
852,852,4,61,PF,2015-07-01 16:05:00,41988.59279999998,42369.57999999998,2016-09-28 15:36:43,2015-07,2015
970,970,4,61,PF,2021-01-07 15:42:00,34423.441499999964,32777.219999999965,2022-12-29 09:00:54,2021-01,2021
164,164,4,73,PF,2014-09-08 12:52:00,6258.363999999998,6164.679999999998,2020-05-21 03:00:44,2014-09,2014
233,233,4,73,PF,2014-12-02 14:14:00,30.06220000000009,9.760000000000076,2019-04-09 01:26:15,2014-12,2014
259,259,4,73,PF,2019-10-12 12:17:00,143.9934000000046,102.7700000000045,,2019-10,2019
304,304,4,73,PF,2019-07-04 11:12:00,47188.6454,44492.25,2021-03-07 13:57:27,2019-07,2019
346,346,4,73,PF,2019-03-02 11:07:00,72228.95280000001,66842.31,2022-06-21 22:38:31,2019-03,2019
363,363,4,73,PF,2022-05-03 11:19:00,5784.426,4613.949999999999,,2022-05,2022
366,366,4,73,PF,2014-06-06 15:19:00,18102.158200000005,18358.390000000007,,2014-06,2014
390,390,4,73,PF,2018-08-17 15:11:00,245.61999999999935,301.41999999999933,2022-12-20 16:53:47,2018-08,2018
448,448,4,73,PF,2019-12-18 13:11:00,108585.12,108046.82,,2019-12,2019
515,515,4,73,PF,2014-04-17 15:32:00,127.81150000000454,101.63000000000424,,2014-04,2014
614,614,4,73,PF,2014-04-16 13:23:00,17250.890900000006,17057.350000000002,2018-10-11 13:45:20,2014-04,2014
624,624,4,73,PF,2015-08-03 16:55:00,6263.416800000001,5759.04,2022-04-09 16:15:28,2015-08,2015
703,703,4,73,PF,2015-03-04 13:12:00,13916.083199999995,14255.219999999996,2020-04-08 17:50:08,2015-03,2015
723,723,4,73,PF,2013-12-02 14:38:00,29617.02219999998,27618.219999999976,2019-08-17 03:45:19,2013-12,2013
753,753,4,73,PF,2017-07-04 15:05:00,13400.350000000006,13211.550000000008,2022-09-08 08:44:46,2017-07,2017
776,776,4,73,PF,2021-03-14 15:58:00,117.59999999999974,76.57999999999971,,2021-03,2021
798,798,4,73,PF,2015-11-21 10:49:00,539.2416000000095,509.95000000000994,2022-12-29 23:56:27,2015-11,2015
838,838,4,73,PF,2013-11-15 16:17:00,20058.3032,19265.34,2021-05-08 07:11:47,2013-11,2013
899,899,4,73,PF,2021-10-17 13:00:00,8539.36819999999,8294.28999999999,,2021-10,2021
934,934,4,73,PF,2017-08-25 16:02:00,4177.671299999997,3450.2699999999973,,2017-08,2017
940,940,4,73,PF,2016-10-25 11:53:00,7979.810000000007,8178.800000000008,2022-12-29 23:55:32,2016-10,2016
974,974,4,73,PF,2014-07-18 15:15:00,1633.7509000000014,1166.8700000000013,2016-11-23 20:48:56,2014-07,2014
993,993,4,73,PF,2017-10-07 11:40:00,6775.4114999999965,6150.549999999997,2021-11-17 01:08:31,2017-10,2017
102,102,5,5,PF,2015-02-28 16:28:00,15506.31009999999,14875.639999999989,,2015-02,2015
158,158,5,5,PF,2018-10-22 15:47:00,102.45399999999525,60.279999999995674,2022-02-07 05:58:52,2018-10,2018
312,312,5,5,PF,2022-07-12 16:34:00,2990.5535,2843.45,,2022-07,2022
532,532,5,5,PF,2021-07-13 14:56:00,49694.780000000006,49628.380000000005,,2021-07,2021
747,747,5,5,PF,2022-11-18 14:04:00,505.38600000000105,507.200000000001,,2022-11,2022
180,180,5,9,PF,2022-07-21 12:36:00,3046.3190999999974,3004.3299999999977,,2022-07,2022
215,215,5,9,PF,2020-04-10 14:14:00,45569.01279999997,44209.509999999966,,2020-04,2020
413,413,5,9,PF,2014-05-20 11:41:00,12999.930300000033,13377.540000000034,2022-12-29 23:10:57,2014-05,2014
600,600,5,9,PF,2021-01-10 15:35:00,2724.0510000000017,2350.110000000001,,2021-01,2021
980,980,5,9,PF,2022-07-27 11:26:00,5490.924,5758.24,,2022-07,2022
1,1,5,10,PF,2014-07-08 16:25:00,22473.870000000006,22538.060000000005,2022-11-08 13:22:46,2014-07,2014
223,223,5,10,PF,2022-12-17 16:43:00,30.260999999999587,12.229999999999622,,2022-12,2022
476,476,5,10,PF,2018-05-26 15:11:00,37413.598600000005,34814.880000000005,2021-02-23 06:10:46,2018-05,2018
630,630,5,10,PF,2014-07-02 12:56:00,799.293,698.3299999999998,2022-12-03 10:49:57,2014-07,2014
833,833,5,10,PF,2014-07-17 12:29:00,16409.372399999993,15424.989999999993,2021-03-23 03:37:51,2014-07,2014
157,157,5,21,PF,2017-08-20 12:13:00,183979.0378,172773.52999999994,2022-12-27 08:19:50,2017-08,2017
326,326,5,21,PF,2018-01-27 14:50:00,35921.447100000005,1284.2900000000154,2022-09-02 11:18:09,2018-01,2018
447,447,5,21,PF,2022-03-08 15:28:00,453.5041000000013,396.5300000000013,,2022-03,2022
514,514,5,21,PF,2021-01-20 11:35:00,12237.534399999997,11325.959999999995,,2021-01,2021
196,196,5,36,PF,2014-06-05 12:16:00,34585.58400000002,35985.860000000015,2021-04-27 14:55:59,2014-06,2014
343,343,5,36,PF,2021-09-20 12:12:00,25938.223500000007,24644.540000000008,,2021-09,2021
692,692,5,36,PF,2014-07-11 12:48:00,34962.180000000015,32166.280000000013,,2014-07,2014
987,987,5,36,PF,2014-08-02 14:57:00,2148.6800000000026,2159.690000000003,2016-08-29 01:18:41,2014-08,2014
328,328,5,43,PF,2017-03-04 13:03:00,36948.71099999999,33788.959999999985,2019-05-02 05:36:42,2017-03,2017
562,562,5,43,PF,2021-07-16 16:50:00,1973.9338999999984,1811.4899999999984,,2021-07,2021
653,653,5,43,PF,2016-06-16 14:20:00,94097.6508,86317.92999999996,,2016-06,2016
817,817,5,43,PF,2021-11-25 15:41:00,41127.395399999994,41896.72999999999,,2021-11,2021
309,309,5,50,PF,2015-07-15 11:21:00,14816.409599999995,15334.759999999997,2022-12-29 23:36:48,2015-07,2015
516,516,5,50,PF,2019-09-19 15:25:00,335.9865000000003,349.4800000000004,,2019-09,2019
613,613,5,50,PF,2017-10-24 13:13:00,18773.48670000001,18763.110000000008,2022-05-13 03:12:29,2017-10,2017
810,810,5,50,PF,2017-07-07 15:17:00,635.0343000000001,918.39,2022-12-29 23:59:49,2017-07,2017
939,939,5,50,PF,2022-12-13 13:16:00,822.8315999999975,809.3499999999974,,2022-12,2022
975,975,5,50,PF,2021-03-18 14:58:00,20.86080000000059,46.71000000000062,,2021-03,2021
192,192,5,52,PF,2015-09-27 11:21:00,92644.50240000008,96197.7900000001,,2015-09,2015
450,450,5,52,PF,2019-04-01 12:40:00,18485.220000000005,17763.990000000005,2022-11-30 19:32:43,2019-04,2019
611,611,5,52,PF,2019-08-06 14:42:00,35913.2874,33542.41,2022-12-29 14:27:05,2019-08,2019
725,725,5,52,PF,2020-01-11 14:13:00,116.37150000000052,20.830000000000496,,2020-01,2020
651,651,5,55,PF,2016-07-14 12:22:00,43605.48670000003,44909.55000000003,2021-08-23 12:42:40,2016-07,2016
779,779,5,55,PF,2014-04-15 11:46:00,3915.3371,4232.93,2021-03-27 08:36:14,2014-04,2014
837,837,5,55,PF,2014-03-18 10:30:00,18181.167299999997,16654.639999999992,2020-05-26 22:47:20,2014-03,2014
327,327,5,59,PF,2021-10-08 11:35:00,12913.3,12434.7,,2021-10,2021
388,388,5,59,PF,2017-02-14 12:43:00,14348.662200000006,13919.020000000006,2022-12-24 14:10:53,2017-02,2017
462,462,5,59,PF,2016-11-19 13:53:00,400.80720000000014,340.18000000000006,2019-12-29 08:22:09,2016-11,2016
485,485,5,59,PF,2017-09-23 11:16:00,21129.425199999994,19292.719999999998,2022-07-07 06:04:30,2017-09,2017
786,786,5,59,PF,2019-01-21 14:29:00,25708.9875,24386.97,,2019-01,2019
790,790,5,59,PF,2014-07-03 16:49:00,8696.465099999998,8079.569999999997,2021-09-20 23:50:12,2014-07,2014
862,862,5,59,PF,2017-11-07 11:35:00,57375.23480000002,54060.360000000015,2022-12-25 14:04:09,2017-11,2017
926,926,5,59,PF,2018-05-03 15:18:00,58479.77530000001,53607.32000000001,2022-12-27 06:03:23,2018-05,2018
370,370,5,60,PF,2022-07-08 13:14:00,370.37110000000007,308.99,,2022-07,2022
484,484,5,60,PF,2021-07-01 12:51:00,158638.32800000007,148919.10000000003,,2021-07,2021
676,676,5,60,PF,2016-04-25 15:44:00,7591.3268,6859.660000000001,2018-10-13 12:34:22,2016-04,2016
820,820,5,60,PF,2017-05-04 12:48:00,4803.103799999996,4043.629999999996,2022-12-29 23:59:59,2017-05,2017
237,237,5,76,PF,2021-07-28 11:45:00,230.8293,197.93,,2021-07,2021
340,340,5,76,PF,2022-02-15 12:44:00,68771.1128,65285.170000000006,,2022-02,2022
29,29,5,92,PF,2015-07-27 11:08:00,33.39839999999977,26.33999999999976,,2015-07,2015
72,72,5,92,PF,2019-04-07 15:08:00,27508.063000000013,24529.73000000001,,2019-04,2019
76,76,5,92,PF,2015-11-06 15:36:00,330.3371999999994,294.92999999999944,,2015-11,2015
127,127,5,92,PF,2014-04-15 10:06:00,111063.21579999998,109931.59999999998,2017-12-18 21:50:39,2014-04,2014
234,234,5,92,PF,2021-03-08 13:43:00,2649.290600000002,2269.760000000002,,2021-03,2021
387,387,5,92,PF,2014-02-08 13:28:00,47010.3323,43828.91,,2014-02,2014
597,597,5,92,PF,2019-06-19 12:21:00,106127.1498,108338.43,,2019-06,2019
405,405,6,2,PF,2021-11-17 15:03:00,429.42760000000015,275.2100000000001,,2021-11,2021
440,440,6,2,PF,2022-03-02 11:10:00,1333.1343999999997,1062.2599999999993,,2022-03,2022
612,612,6,2,PF,2017-02-05 12:35:00,12974.969999999994,13553.669999999996,,2017-02,2017
870,870,6,2,PF,2017-12-20 11:12:00,51333.78499999999,48084.299999999996,2022-12-13 18:36:48,2017-12,2017
2,2,6,16,PF,2020-03-27 13:05:00,59.27999999999989,12.719999999999883,,2020-03,2020
33,33,6,16,PF,2016-11-10 13:52:00,11565.978,10887.28,,2016-11,2016
64,64,6,16,PF,2016-04-18 15:57:00,6246.9720000000025,6501.510000000002,2022-02-07 08:57:18,2016-04,2016
427,427,6,16,PF,2019-02-18 14:37:00,8085.9635,7760.45,2022-03-04 15:00:08,2019-02,2019
641,641,6,16,PF,2019-12-07 13:32:00,1.3081000000000178,744.27,,2019-12,2019
856,856,6,16,PF,2015-06-24 15:02:00,11790.660800000003,10831.830000000004,2022-12-29 23:40:08,2015-06,2015
889,889,6,16,PF,2022-11-20 14:49:00,828.4121000000007,786.3600000000007,,2022-11,2022
24,24,6,17,PF,2018-06-10 11:18:00,35486.7548,34541.16,,2018-06,2018
172,172,6,17,PF,2020-06-20 15:24:00,24099.87310000001,24708.180000000015,2022-12-29 23:54:14,2020-06,2020
332,332,6,17,PF,2020-09-10 11:54:00,85186.3663,83239.81,,2020-09,2020
578,578,6,17,PF,2021-02-03 14:52:00,19177.224,18603.7,,2021-02,2021
819,819,6,17,PF,2022-08-02 11:24:00,54632.650400000006,56789.220000000016,,2022-08,2022
163,163,6,29,PF,2020-07-26 14:45:00,16598.95600000001,15220.770000000008,,2020-07,2020
169,169,6,29,PF,2015-07-01 13:19:00,25114.2021,25729.27,2022-10-24 05:07:23,2015-07,2015
365,365,6,29,PF,2020-03-11 13:52:00,341020.81510000007,333783.57000000007,2022-12-29 13:45:03,2020-03,2020
449,449,6,29,PF,2017-11-10 12:04:00,532.2974999999999,438.38,,2017-11,2017
706,706,6,29,PF,2019-01-10 15:36:00,1624.1472,1231.68,,2019-01,2019
935,935,6,29,PF,2018-03-22 15:23:00,327.5135999999998,186.15999999999983,,2018-03,2018
958,958,6,29,PF,2018-10-09 15:05:00,10828.382399999997,8596.759999999997,2022-12-22 00:14:33,2018-10,2018
763,763,6,44,PF,2016-10-19 14:58:00,2213.5238000000018,2061.360000000001,2022-12-27 22:47:18,2016-10,2016
107,107,6,53,PF,2020-04-19 12:09:00,273.6813000000011,160.81000000000105,2022-09-08 22:01:13,2020-04,2020
211,211,6,53,PF,2021-03-10 12:41:00,40789.4506,41996.880000000005,,2021-03,2021
518,518,6,53,PF,2015-10-03 14:31:00,9879.859199999997,9275.919999999993,2022-12-29 23:59:50,2015-10,2015
785,785,6,53,PF,2021-03-15 15:01:00,666.8729000000004,524.2000000000003,2022-12-30 00:00:00,2021-03,2021
48,48,6,54,PF,2019-03-09 16:19:00,2545.2932,2366.42,2022-12-29 23:59:59,2019-03,2019
452,452,6,54,PF,2020-07-18 11:22:00,159474.2364,146962.43,,2020-07,2020
643,643,6,54,PF,2022-03-26 10:46:00,32.818499999998906,37.669999999998886,,2022-03,2022
381,381,6,66,PF,2016-10-21 15:50:00,14217.100299999993,12694.709999999994,2022-12-05 19:35:29,2016-10,2016
513,513,6,66,PF,2021-07-01 11:43:00,13393.125199999997,13010.519999999997,,2021-07,2021
742,742,6,66,PF,2019-05-17 15:36:00,1612.4084000000005,1498.3300000000002,2022-11-30 22:26:57,2019-05,2019
206,206,6,87,PF,2018-01-05 16:28:00,19807.661999999997,19957.399999999998,2022-06-29 23:00:58,2018-01,2018
217,217,6,87,PF,2018-09-05 14:44:00,1918.2140999999967,1807.4899999999968,,2018-09,2018
316,316,6,87,PF,2018-01-23 15:29:00,29712.99839999999,30107.63999999999,,2018-01,2018
377,377,6,87,PF,2016-12-15 15:58:00,16675.08260000001,15678.090000000007,,2016-12,2016
610,610,6,87,PF,2020-11-01 14:28:00,1658.4777,1592.91,,2020-11,2020
733,733,6,87,PF,2020-09-26 10:37:00,340.40400000000017,253.59000000000012,2022-06-01 14:56:47,2020-09,2020
932,932,6,87,PF,2015-06-21 12:06:00,11546.252300000002,11282.89,,2015-06,2015
249,249,6,93,PF,2019-01-10 14:25:00,715.4993999999994,659.1999999999994,2022-12-16 21:22:34,2019-01,2019
386,386,6,93,PF,2018-11-03 12:58:00,39716.5807,36353.97,2020-12-29 13:32:54,2018-11,2018
590,590,6,93,PF,2018-10-09 11:33:00,33128.77330000001,29602.17,,2018-10,2018
720,720,6,93,PF,2021-03-23 10:56:00,4125.000000000001,3729.58,,2021-03,2021
871,871,6,93,PF,2022-08-22 14:00:00,93.7649999999994,31.699999999999363,,2022-08,2022
956,956,6,93,PF,2017-07-11 15:45:00,1352.761399999999,842.2899999999988,,2017-07,2017
35,35,6,97,PF,2015-09-11 12:06:00,47696.27940000001,44817.87,2022-09-03 01:15:46,2015-09,2015
109,109,6,97,PF,2022-03-16 13:53:00,35.217899999999915,21.65999999999992,,2022-03,2022
255,255,6,97,PF,2022-10-10 10:25:00,9955.434100000002,9653.13,,2022-10,2022
320,320,6,97,PF,2017-08-26 13:14:00,37.82790000000088,19.21000000000088,,2017-08,2017
540,540,6,97,PF,2018-12-07 16:22:00,19180.557,18481.9,2021-08-19 04:14:57,2018-12,2018
15,15,7,20,PF,2022-09-11 15:51:00,2647.5973000000063,3218.2900000000054,,2022-09,2022
16,16,7,20,PF,2018-04-20 12:01:00,2065.3824,2132.85,2022-12-29 23:35:48,2018-04,2018
17,17,7,20,PF,2020-03-12 12:51:00,326.407,237.6,,2020-03,2020
22,22,7,20,PF,2020-11-14 11:11:00,161.31949999999952,103.15999999999951,,2020-11,2020
31,31,7,20,PF,2016-09-25 14:39:00,21553.245000000003,20280.68,2022-05-07 22:35:02,2016-09,2016
52,52,7,20,PF,2022-08-14 15:20:00,22026.196199999995,17655.109999999993,,2022-08,2022
59,59,7,20,PF,2017-03-10 12:19:00,796.5504000000003,764.3600000000004,2022-10-11 12:56:13,2017-03,2017
61,61,7,20,PF,2015-11-19 15:34:00,361.85819999999967,241.97999999999968,2022-12-29 23:30:58,2015-11,2015
74,74,7,20,PF,2016-07-26 10:37:00,125.97040000000224,47.8800000000021,2022-12-29 10:20:39,2016-07,2016
84,84,7,20,PF,2021-05-18 13:34:00,36568.15950000001,33313.75000000001,2022-12-28 18:00:21,2021-05,2021
92,92,7,20,PF,2017-02-03 15:31:00,4.742399999999912,96.51999999999992,2019-07-30 03:31:10,2017-02,2017
112,112,7,20,PF,2021-07-11 12:15:00,43416.75890000001,42606.490000000005,,2021-07,2021
114,114,7,20,PF,2022-11-11 11:04:00,3760.196,17418.36,,2022-11,2022
131,131,7,20,PF,2022-03-07 10:12:00,36.79830000000035,822.9700000000001,,2022-03,2022
160,160,7,20,PF,2019-11-02 16:31:00,723.9304000000003,702.0800000000002,,2019-11,2019
210,210,7,20,PF,2018-11-15 14:36:00,97.45560000000225,67.79000000000212,2022-12-29 19:24:01,2018-11,2018
220,220,7,20,PF,2017-08-17 11:51:00,400725.0288,377919.46,2022-05-11 15:01:12,2017-08,2017
227,227,7,20,PF,2022-12-27 13:30:00,9071.866799999998,8827.14,,2022-12,2022
239,239,7,20,PF,2017-02-25 16:31:00,20825.13719999999,21003.23999999999,2022-09-25 01:03:58,2017-02,2017
241,241,7,20,PF,2021-02-26 12:19:00,7555.258799999993,6136.9099999999935,,2021-02,2021
265,265,7,20,PF,2019-06-05 11:17:00,36319.332,34565.509999999995,2022-12-29 23:50:17,2019-06,2019
266,266,7,20,PF,2016-09-15 11:01:00,25309.069700000004,23006.93,2021-10-10 12:19:52,2016-09,2016
270,270,7,20,PF,2019-09-05 16:38:00,22222.9195,21620.27,,2019-09,2019
285,285,7,20,PF,2017-08-06 13:36:00,13532.300699999983,12467.509999999984,,2017-08,2017
295,295,7,20,PF,2017-07-13 13:27:00,11694.355700000007,11614.690000000008,2022-12-24 17:23:35,2017-07,2017
299,299,7,20,PF,2022-05-02 12:39:00,47.73780000001832,2.570000000018503,,2022-05,2022
300,300,7,20,PF,2021-06-24 15:39:00,368.99280000000016,354.60000000000014,,2021-06,2021
339,339,7,20,PF,2019-10-13 15:10:00,24710.686000000005,22194.86,,2019-10,2019
351,351,7,20,PF,2020-08-19 16:52:00,404.9522000000016,253.86000000000143,,2020-08,2020
353,353,7,20,PF,2021-10-19 12:13:00,10744.796000000002,10071.98,,2021-10,2021
354,354,7,20,PF,2020-02-24 15:41:00,26258.0237,24081.21,,2020-02,2020
358,358,7,20,PF,2019-03-15 15:56:00,38618.0372,36812.24,,2019-03,2019
362,362,7,20,PF,2019-11-09 10:52:00,53389.31939999999,51760.47,,2019-11,2019
393,393,7,20,PF,2022-10-27 16:27:00,14967.477,13695.14,,2022-10,2022
394,394,7,20,PF,2016-12-21 13:31:00,25574.6799,25979.61,2022-09-04 14:21:39,2016-12,2016
399,399,7,20,PF,2018-09-23 16:32:00,30431.923499999997,28423.389999999992,,2018-09,2018
402,402,7,20,PF,2021-07-15 12:44:00,57385.86,54610.49,,2021-07,2021
424,424,7,20,PF,2022-02-10 12:31:00,96353.493,88192.7,,2022-02,2022
434,434,7,20,PF,2021-08-02 15:38:00,324.0639999999999,945.62,2022-11-09 14:01:03,2021-08,2021
442,442,7,20,PF,2022-12-17 13:24:00,22957.824999999997,20014.449999999997,,2022-12,2022
446,446,7,20,PF,2015-10-08 13:35:00,4383.7946999999995,3850.5299999999984,2022-03-14 22:14:51,2015-10,2015
492,492,7,20,PF,2016-06-17 11:48:00,262.4603000000003,239.80000000000024,,2016-06,2016
499,499,7,20,PF,2022-11-07 11:37:00,135452.0335999999,130201.50999999988,,2022-11,2022
531,531,7,20,PF,2020-04-17 13:12:00,922.636,579.95,2022-12-10 10:44:24,2020-04,2020
544,544,7,20,PF,2018-09-08 12:35:00,83742.50999999998,82074.94999999998,2022-07-01 14:59:44,2018-09,2018
553,553,7,20,PF,2017-10-25 12:12:00,27282.17000000001,26909.570000000007,2022-12-29 23:04:30,2017-10,2017
586,586,7,20,PF,2021-04-18 11:35:00,85580.4916,84678.16,,2021-04,2021
587,587,7,20,PF,2019-09-06 15:59:00,45734.2763,21792.21,,2019-09,2019
596,596,7,20,PF,2022-08-06 13:27:00,766.0956000000015,689.6500000000012,,2022-08,2022
601,601,7,20,PF,2019-06-24 10:12:00,55381.3086,50163.84,2022-12-29 23:59:58,2019-06,2019
626,626,7,20,PF,2022-07-25 10:12:00,27364.747999999992,25670.84999999999,,2022-07,2022
634,634,7,20,PF,2021-07-02 13:31:00,48.62880000000198,21.570000000002,,2021-07,2021
662,662,7,20,PF,2022-12-15 12:50:00,25648.756799999985,24995.139999999985,,2022-12,2022
678,678,7,20,PF,2016-06-06 12:17:00,9935.510000000006,9839.710000000003,2021-12-12 12:27:17,2016-06,2016
679,679,7,20,PF,2019-01-08 15:11:00,8394.091999999999,8519.33,2022-06-30 10:11:49,2019-01,2019
704,704,7,20,PF,2021-10-11 14:10:00,16362.496799999992,15714.769999999991,2022-12-29 23:38:42,2021-10,2021
712,712,7,20,PF,2019-06-16 12:47:00,34828.10070000001,45918.69000000001,2022-12-29 23:56:56,2019-06,2019
718,718,7,20,PF,2018-03-09 14:52:00,44328.157199999965,40732.589999999975,2022-12-25 21:35:51,2018-03,2018
730,730,7,20,PF,2019-05-02 11:22:00,29.14919999999682,16.42999999999705,2022-12-29 23:57:11,2019-05,2019
773,773,7,20,PF,2018-02-27 16:20:00,4140.307500000002,3896.8800000000015,2021-01-08 03:42:17,2018-02,2018
789,789,7,20,PF,2021-09-04 14:30:00,1840.6232000000016,932.7300000000016,,2021-09,2021
829,829,7,20,PF,2020-04-16 10:33:00,256.759,106.61999999999998,,2020-04,2020
842,842,7,20,PF,2020-10-02 10:21:00,1193.6988,1109.88,,2020-10,2020
868,868,7,20,PF,2022-12-02 13:06:00,443.1084000000002,407.8700000000002,,2022-12,2022
887,887,7,20,PF,2021-02-27 11:43:00,17067.478999999996,15458.459999999995,,2021-02,2021
900,900,7,20,PF,2021-08-06 12:29:00,375.71999999999946,71.91999999999945,,2021-08,2021
952,952,7,20,PF,2019-12-04 12:14:00,1104.786000000006,823.3000000000054,2022-12-21 04:27:09,2019-12,2019
977,977,7,20,PF,2018-12-15 13:03:00,1129.5240000000003,1012.65,2022-08-11 05:32:58,2018-12,2018
983,983,7,20,PF,2019-04-15 12:52:00,1415.9161999999988,1307.7499999999989,,2019-04,2019
28,28,7,26,PF,2017-04-03 16:11:00,52654.357600000025,50324.19000000002,2019-11-24 06:23:48,2017-04,2017
65,65,7,26,PF,2018-08-26 12:33:00,255.2562000000009,208.1500000000008,2022-06-24 07:04:11,2018-08,2018
67,67,7,26,PF,2018-05-14 13:27:00,3343.6211999999973,3092.4599999999973,2022-08-25 23:00:41,2018-05,2018
78,78,7,26,PF,2019-12-27 12:52:00,5572.906500000004,5007.530000000003,,2019-12,2019
81,81,7,26,PF,2021-04-03 13:18:00,4317.820499999995,4035.6599999999953,2022-12-29 23:55:31,2021-04,2021
83,83,7,26,PF,2021-10-07 13:04:00,16.119600000000553,9550.960000000001,,2021-10,2021
86,86,7,26,PF,2016-03-05 13:55:00,140.7049999999999,180.19999999999987,,2016-03,2016
113,113,7,26,PF,2020-01-07 14:29:00,647.6868000000035,30.71000000000322,,2020-01,2020
118,118,7,26,PF,2022-04-14 12:33:00,265.88339999999965,244.5599999999997,,2022-04,2022
144,144,7,26,PF,2022-04-06 14:46:00,347.13699999999926,885.0999999999992,,2022-04,2022
183,183,7,26,PF,2019-12-19 14:01:00,1028.980000000002,2655.280000000002,2022-05-30 00:01:16,2019-12,2019
224,224,7,26,PF,2019-09-20 12:30:00,91.82160000000067,32.2900000000006,2022-12-25 08:00:32,2019-09,2019
245,245,7,26,PF,2018-06-15 11:38:00,27657.71840000001,26339.26000000001,2022-12-29 23:59:59,2018-06,2018
246,246,7,26,PF,2019-05-23 15:55:00,73563.27929999997,74061.32999999997,,2019-05,2019
264,264,7,26,PF,2020-03-19 14:13:00,1065.2400000000005,946.8000000000004,,2020-03,2020
274,274,7,26,PF,2018-08-16 12:55:00,105741.36560000003,101639.81000000004,,2018-08,2018
276,276,7,26,PF,2021-02-03 11:25:00,10241.661799999993,9370.809999999994,2022-12-30 00:00:00,2021-02,2021
283,283,7,26,PF,2018-10-13 12:41:00,12870.349999999997,12935.609999999995,2020-02-17 20:36:45,2018-10,2018
301,301,7,26,PF,2015-10-20 13:23:00,23199.2692,21653.35,2018-02-13 22:02:10,2015-10,2015
310,310,7,26,PF,2020-11-04 13:05:00,6616.230400000003,6132.560000000003,,2020-11,2020
317,317,7,26,PF,2020-08-17 14:35:00,5980.9133,5950.89,,2020-08,2020
342,342,7,26,PF,2018-05-18 15:37:00,33695.246300000006,33336.16,2022-12-27 21:36:43,2018-05,2018
360,360,7,26,PF,2021-08-15 11:39:00,22218.494400000003,20525.77,,2021-08,2021
385,385,7,26,PF,2018-08-06 12:05:00,12044.817399999996,13802.429999999997,2022-12-27 11:30:13,2018-08,2018
411,411,7,26,PF,2022-03-10 10:33:00,165559.71119999996,158495.12999999998,,2022-03,2022
414,414,7,26,PF,2017-04-10 14:29:00,6141.765600000006,5669.230000000005,2020-11-10 03:12:37,2017-04,2017
417,417,7,26,PF,2022-10-17 13:56:00,11095.682399999996,9982.919999999993,,2022-10,2022
421,421,7,26,PF,2020-04-24 10:07:00,466.6166999999997,439.0999999999996,2022-01-16 13:03:01,2020-04,2020
433,433,7,26,PF,2021-12-16 11:19:00,815.3023,63.930000000000064,,2021-12,2021
437,437,7,26,PF,2022-10-27 11:52:00,742.212900000001,608.3100000000011,,2022-10,2022
457,457,7,26,PF,2017-04-14 11:13:00,3056.269999999999,2809.969999999999,2022-10-24 06:20:14,2017-04,2017
464,464,7,26,PF,2021-04-20 10:09:00,11680.430299999996,10722.869999999994,,2021-04,2021
477,477,7,26,PF,2022-08-20 14:19:00,1851.4464000000005,1311.3900000000006,,2022-08,2022
491,491,7,26,PF,2020-09-03 14:33:00,34816.108800000016,36237.31000000002,,2020-09,2020
498,498,7,26,PF,2015-08-25 14:46:00,5685.146599999999,5739.169999999999,2022-04-14 09:59:35,2015-08,2015
506,506,7,26,PF,2017-11-25 16:17:00,11257.516799999998,11621.169999999998,2022-12-28 21:37:30,2017-11,2017
521,521,7,26,PF,2022-09-13 13:05:00,248.54940000000016,146.28000000000017,,2022-09,2022
527,527,7,26,PF,2015-08-10 12:14:00,151338.39419999998,142774.91999999998,2022-05-07 10:06:41,2015-08,2015
529,529,7,26,PF,2020-03-23 15:22:00,31630.654400000003,29764.67,,2020-03,2020
530,530,7,26,PF,2018-02-14 12:30:00,11555.8464,11723.3,2020-10-08 18:48:41,2018-02,2018
550,550,7,26,PF,2017-06-25 15:12:00,102824.5968,95089.16,,2017-06,2017
552,552,7,26,PF,2018-06-17 14:15:00,31.291399999999705,769.6799999999998,,2018-06,2018
573,573,7,26,PF,2021-05-11 15:05:00,830.5600000000009,498.36000000000087,,2021-05,2021
579,579,7,26,PF,2018-10-03 16:00:00,7337.750900000002,6816.7300000000005,2022-08-12 08:56:55,2018-10,2018
581,581,7,26,PF,2017-07-06 11:09:00,8627.6124,7873.11,2020-12-16 07:28:46,2017-07,2017
588,588,7,26,PF,2019-09-07 15:19:00,6797.460999999995,6144.819999999995,,2019-09,2019
622,622,7,26,PF,2018-01-24 14:45:00,2143.1398,1912.43,2022-12-30 00:00:00,2018-01,2018
628,628,7,26,PF,2020-07-08 10:33:00,85151.4234,84354.36,,2020-07,2020
636,636,7,26,PF,2016-12-26 15:16:00,7746.5646000000015,7061.730000000001,2020-04-17 16:03:00,2016-12,2016
637,637,7,26,PF,2017-03-05 16:46:00,3806.2207999999982,3668.4499999999994,2021-07-18 20:15:52,2017-03,2017
646,646,7,26,PF,2018-08-15 15:30:00,45815.8398,44858.96,2022-12-29 23:59:51,2018-08,2018
649,649,7,26,PF,2016-04-11 13:35:00,21961.584,22871.31,2021-11-14 03:58:03,2016-04,2016
650,650,7,26,PF,2022-07-12 13:16:00,7.040600000000772,684.2800000000008,,2022-07,2022
674,674,7,26,PF,2021-02-10 13:27:00,235.9670999999997,179.30999999999972,,2021-02,2021
680,680,7,26,PF,2016-08-07 12:18:00,55.6890000000008,39.95000000000084,2022-10-19 17:49:07,2016-08,2016
681,681,7,26,PF,2018-07-23 13:19:00,160415.00739999997,90516.73999999996,,2018-07,2018
690,690,7,26,PF,2022-02-27 14:01:00,27760.70160000001,28603.20000000001,,2022-02,2022
691,691,7,26,PF,2020-07-15 16:46:00,107912.5686,101404.81,2022-05-08 08:59:54,2020-07,2020
716,716,7,26,PF,2019-05-02 16:21:00,427.15799999999984,228.03999999999988,2022-12-29 23:59:39,2019-05,2019
728,728,7,26,PF,2020-11-23 12:34:00,19557.7739,20119.83,,2020-11,2020
737,737,7,26,PF,2021-01-28 14:26:00,901.5984,2456.42,,2021-01,2021
761,761,7,26,PF,2016-06-07 15:04:00,9.26500000000076,1232.1000000000006,,2016-06,2016
771,771,7,26,PF,2020-01-16 12:55:00,92428.7395,97788.51000000001,,2020-01,2020
782,782,7,26,PF,2019-01-10 11:19:00,35279.73569999998,32124.629999999983,2022-02-19 07:16:19,2019-01,2019
783,783,7,26,PF,2015-09-21 11:35:00,41501.581000000006,37538.71000000001,2019-01-07 19:33:10,2015-09,2015
794,794,7,26,PF,2019-11-14 11:15:00,996.407400000001,938.790000000001,2022-12-29 23:56:29,2019-11,2019
807,807,7,26,PF,2022-07-28 16:18:00,50704.85849999996,51891.34999999996,,2022-07,2022
836,836,7,26,PF,2022-08-23 11:20:00,419.59170000000006,370.66,,2022-08,2022
849,849,7,26,PF,2021-06-05 11:43:00,5047.4802000000045,5126.2900000000045,,2021-06,2021
864,864,7,26,PF,2017-04-28 15:30:00,12665.790000000008,13352.690000000008,2022-01-05 17:26:55,2017-04,2017
902,902,7,26,PF,2018-03-17 15:41:00,1374.980399999999,1311.139999999999,2022-12-29 23:33:50,2018-03,2018
912,912,7,26,PF,2020-07-16 12:22:00,23870.487500000025,24429.250000000025,,2020-07,2020
941,941,7,26,PF,2022-05-22 12:02:00,272.6360000000003,47.30000000000027,,2022-05,2022
946,946,7,26,PF,2016-03-05 10:07:00,379.39200000000113,239.8000000000011,2022-12-26 20:25:06,2016-03,2016
968,968,7,26,PF,2018-02-01 16:14:00,170.82479999999958,96.0199999999996,,2018-02,2018
971,971,7,26,PF,2021-02-12 12:24:00,18364.652800000003,16534.760000000002,,2021-02,2021
979,979,7,26,PF,2018-03-09 16:27:00,33568.8063,30770.18,2022-10-19 19:23:43,2018-03,2018
981,981,7,26,PF,2021-09-13 14:38:00,824.6600000000002,328.6600000000002,,2021-09,2021
982,982,7,26,PF,2019-11-25 11:04:00,92.57279999999427,29.59999999999404,,2019-11,2019
984,984,7,26,PF,2016-12-15 12:04:00,9173.723400000015,8208.760000000013,,2016-12,2016
991,991,7,26,PF,2019-02-14 13:36:00,14.081199999998848,3.5299999999989207,2022-12-29 23:57:35,2019-02,2019
995,995,7,26,PF,2021-02-06 13:22:00,872.1574,801.7199999999998,,2021-02,2021
996,996,7,26,PF,2017-02-20 14:29:00,37556.4187,34524.92999999999,,2017-02,2017
997,997,7,26,PF,2020-11-20 13:29:00,88.69000000000062,84.08000000000064,,2020-11,2020
8,8,7,48,PF,2021-08-13 11:07:00,1238.663,1054.95,,2021-08,2021
18,18,7,48,PF,2021-07-18 15:07:00,226548.6288,217787.98,,2021-07,2021
54,54,7,48,PF,2017-09-08 12:55:00,30239.91510000001,30255.810000000005,,2017-09,2017
77,77,7,48,PF,2019-02-01 13:17:00,415.6119000000001,349.81000000000006,2022-12-29 18:22:35,2019-02,2019
87,87,7,48,PF,2020-07-08 14:09:00,35777.783999999985,34063.459999999985,,2020-07,2020
97,97,7,48,PF,2021-09-28 14:36:00,46143.0942,46508.29,,2021-09,2021
105,105,7,48,PF,2018-11-27 15:02:00,34360.52540000001,32440.67000000001,,2018-11,2018
124,124,7,48,PF,2021-03-27 14:20:00,2933.2446,2862.07,,2021-03,2021
130,130,7,48,PF,2019-11-15 10:31:00,487.2300000000004,729.1300000000003,,2019-11,2019
139,139,7,48,PF,2016-09-23 14:05:00,437.80949999999933,401.64999999999935,2022-10-31 06:36:34,2016-09,2016
143,143,7,48,PF,2020-04-19 13:29:00,2958.5999999999985,2772.5999999999985,,2020-04,2020
149,149,7,48,PF,2020-06-25 12:32:00,21311.996100000004,19341.19,,2020-06,2020
178,178,7,48,PF,2020-07-17 16:24:00,24518.92340000001,23767.600000000013,,2020-07,2020
197,197,7,48,PF,2020-09-26 12:01:00,198787.40279999992,181219.00999999992,,2020-09,2020
202,202,7,48,PF,2016-04-22 11:19:00,19693.7832,17714.929999999997,,2016-04,2016
216,216,7,48,PF,2019-12-06 11:03:00,75578.50199999998,74679.16999999998,,2019-12,2019
226,226,7,48,PF,2017-01-14 11:27:00,30179.9745,27655.509999999995,,2017-01,2017
228,228,7,48,PF,2022-03-04 13:41:00,78851.93800000001,82933.80000000002,,2022-03,2022
271,271,7,48,PF,2020-12-02 12:41:00,72928.57199999996,71467.53999999996,,2020-12,2020
297,297,7,48,PF,2018-08-11 13:45:00,925.8808,879.13,2020-03-20 05:25:01,2018-08,2018
307,307,7,48,PF,2017-02-10 16:42:00,95.07240000000164,72.7200000000015,2022-12-29 23:59:50,2017-02,2017
319,319,7,48,PF,2021-08-18 15:41:00,62237.17899999999,64114.91999999999,,2021-08,2021
341,341,7,48,PF,2016-04-12 12:25:00,9032.979999999996,7595.999999999996,2022-12-29 08:28:05,2016-04,2016
352,352,7,48,PF,2022-06-05 14:12:00,25597.9395,24148.989999999994,,2022-06,2022
380,380,7,48,PF,2015-10-25 15:27:00,28308.879000000008,29778.26000000001,2022-12-29 22:26:11,2015-10,2015
389,389,7,48,PF,2021-12-13 13:02:00,101.14829999999976,98.43999999999976,,2021-12,2021
398,398,7,48,PF,2022-02-16 14:30:00,87.63600000000042,71.32000000000038,,2022-02,2022
418,418,7,48,PF,2016-05-12 12:48:00,26645.938800000004,27003.540000000005,2021-03-23 08:48:36,2016-05,2016
422,422,7,48,PF,2022-11-27 13:46:00,188.42829999999984,101.75999999999983,,2022-11,2022
438,438,7,48,PF,2017-06-10 14:28:00,11894.958400000003,10485.760000000004,2022-11-27 10:34:00,2017-06,2017
459,459,7,48,PF,2019-11-05 10:33:00,124.78999999999982,74.02999999999983,2022-09-12 07:13:55,2019-11,2019
479,479,7,48,PF,2022-09-27 11:03:00,328.5682000000004,290.31000000000034,,2022-09,2022
487,487,7,48,PF,2019-07-08 15:16:00,32798.233800000016,30920.12000000001,,2019-07,2019
490,490,7,48,PF,2021-06-07 10:30:00,3991.060000000001,3463.560000000001,,2021-06,2021
500,500,7,48,PF,2016-11-20 13:28:00,11679.789599999984,10787.499999999984,2018-03-17 00:50:02,2016-11,2016
537,537,7,48,PF,2020-02-02 16:09:00,6522.8415,6180.000000000001,2022-12-29 23:59:19,2020-02,2020
543,543,7,48,PF,2017-07-05 15:58:00,4106.559600000007,3765.360000000006,,2017-07,2017
549,549,7,48,PF,2019-06-22 15:37:00,1106.7705,609.1500000000001,2021-06-22 14:14:44,2019-06,2019
554,554,7,48,PF,2022-06-02 15:03:00,20.3055999999989,187.91999999999888,,2022-06,2022
577,577,7,48,PF,2016-03-15 16:07:00,17829.86780000001,16712.74000000001,2020-01-24 06:19:25,2016-03,2016
606,606,7,48,PF,2021-06-18 14:14:00,1239.81,1161.93,,2021-06,2021
625,625,7,48,PF,2021-01-09 11:36:00,10787.116999999998,9793.869999999997,,2021-01,2021
647,647,7,48,PF,2018-12-19 13:08:00,143.43000000000015,118.65000000000012,2021-11-07 20:51:03,2018-12,2018
685,685,7,48,PF,2021-02-27 15:29:00,56057.10600000001,53350.32,2022-12-29 23:55:37,2021-02,2021
687,687,7,48,PF,2021-12-14 10:04:00,44954.049000000006,42763.73,,2021-12,2021
698,698,7,48,PF,2018-08-14 15:16:00,52949.88400000002,49952.45000000002,,2018-08,2018
710,710,7,48,PF,2019-06-26 12:44:00,3706.825500000003,3069.4100000000026,2022-09-27 22:56:46,2019-06,2019
732,732,7,48,PF,2018-07-26 14:07:00,26142.373000000007,26741.500000000007,2022-12-29 22:57:44,2018-07,2018
755,755,7,48,PF,2019-05-27 13:47:00,48347.008400000006,45095.630000000005,,2019-05,2019
756,756,7,48,PF,2021-01-16 12:06:00,11326.051199999998,11697.769999999997,,2021-01,2021
769,769,7,48,PF,2017-01-07 14:53:00,3666.8721,3430.07,2022-08-29 02:51:43,2017-01,2017
787,787,7,48,PF,2017-10-10 12:04:00,109334.01150000002,103374.03,,2017-10,2017
796,796,7,48,PF,2019-11-08 15:59:00,5281.922400000003,5077.3200000000015,2022-11-30 08:27:05,2019-11,2019
802,802,7,48,PF,2015-11-05 11:08:00,32374.373400000004,29643.65,2019-03-14 13:46:53,2015-11,2015
824,824,7,48,PF,2016-01-07 12:26:00,18454.70589999999,19004.62999999999,2017-05-11 03:33:48,2016-01,2016
839,839,7,48,PF,2017-01-02 12:37:00,14016.338000000009,14495.29000000001,2019-10-04 10:15:58,2017-01,2017
855,855,7,48,PF,2017-02-25 13:28:00,48777.10759999999,44463.939999999995,,2017-02,2017
880,880,7,48,PF,2017-06-06 14:49:00,20335.09320000001,18485.37000000001,,2017-06,2017
883,883,7,48,PF,2015-09-05 16:18:00,29382.132000000005,28322.770000000004,2017-05-01 11:52:54,2015-09,2015
937,937,7,48,PF,2022-06-16 11:01:00,1659.4314999999976,1094.9699999999975,,2022-06,2022
967,967,7,48,PF,2016-02-21 14:33:00,62645.7786,61092.73,2021-05-01 18:32:58,2016-02,2016
37,37,7,64,PF,2022-07-03 16:07:00,352.04000000000065,328.2600000000006,,2022-07,2022
47,47,7,64,PF,2021-12-07 11:46:00,37349.644499999995,35527.58999999999,,2021-12,2021
82,82,7,64,PF,2019-07-03 13:17:00,2813.932000000004,2530.1000000000035,2021-01-31 15:14:12,2019-07,2019
89,89,7,64,PF,2021-08-26 13:23:00,69758.35999999997,71055.32999999997,,2021-08,2021
103,103,7,64,PF,2018-05-25 13:51:00,38172.34589999998,49975.52999999998,2022-12-25 01:32:24,2018-05,2018
126,126,7,64,PF,2017-07-25 12:04:00,57292.045200000015,52158.79000000001,2022-05-19 21:41:47,2017-07,2017
142,142,7,64,PF,2021-10-04 15:56:00,229.98999999999984,370.29999999999984,2022-12-29 23:55:11,2021-10,2021
165,165,7,64,PF,2020-01-23 12:15:00,9170.933,8355.740000000003,,2020-01,2020
167,167,7,64,PF,2021-08-21 14:10:00,132218.80940000003,121260.38000000002,,2021-08,2021
213,213,7,64,PF,2019-08-18 11:33:00,60366.02030000002,55301.670000000006,,2019-08,2019
225,225,7,64,PF,2020-08-18 14:58:00,419923.1778,411617.06,,2020-08,2020
240,240,7,64,PF,2021-03-16 14:29:00,6642.557900000001,6437.990000000001,,2021-03,2021
261,261,7,64,PF,2015-09-20 12:35:00,40119.07859999999,38945.42999999999,2022-12-29 23:44:39,2015-09,2015
263,263,7,64,PF,2017-12-27 13:22:00,14228.49259999999,14502.429999999988,,2017-12,2017
267,267,7,64,PF,2022-09-12 11:33:00,15860.1976,15184.19,,2022-09,2022
289,289,7,64,PF,2022-12-11 14:34:00,392.81120000000016,392.94000000000017,,2022-12,2022
292,292,7,64,PF,2015-10-10 12:03:00,134384.26400000002,141742.22000000003,2022-12-25 23:15:34,2015-10,2015
294,294,7,64,PF,2021-05-13 11:44:00,52858.188899999994,53347.529999999984,,2021-05,2021
302,302,7,64,PF,2017-01-10 13:05:00,47083.89599999999,43163.69999999999,2021-11-16 14:44:15,2017-01,2017
303,303,7,64,PF,2017-04-11 13:13:00,59.479200000000006,31.210000000000008,2021-04-10 22:33:27,2017-04,2017
315,315,7,64,PF,2022-12-19 14:37:00,15067.777299999996,14528.579999999996,,2022-12,2022
329,329,7,64,PF,2019-06-25 15:18:00,22775.0598,18148.49,,2019-06,2019
379,379,7,64,PF,2021-02-21 13:18:00,1110.2640999999987,873.5999999999988,,2021-02,2021
412,412,7,64,PF,2020-12-01 14:13:00,299.2528000000005,233.56000000000049,,2020-12,2020
423,423,7,64,PF,2017-11-26 16:12:00,7737.602700000001,7639.310000000001,2022-11-13 00:07:27,2017-11,2017
441,441,7,64,PF,2019-06-05 16:33:00,23947.12320000001,24571.72000000001,,2019-06,2019
454,454,7,64,PF,2022-09-12 13:27:00,1612.0416,1266.84,,2022-09,2022
461,461,7,64,PF,2021-03-12 15:04:00,472.88340000000017,285.2600000000002,,2021-03,2021
482,482,7,64,PF,2019-08-23 11:22:00,67872.97000000002,67382.17000000001,2022-12-26 18:18:07,2019-08,2019
538,538,7,64,PF,2022-11-25 11:24:00,2676.2988,2429.12,,2022-11,2022
542,542,7,64,PF,2022-06-02 11:54:00,275.72999999999973,249.03999999999976,,2022-06,2022
546,546,7,64,PF,2019-12-14 16:56:00,134.73899999999657,83.89999999999687,,2019-12,2019
551,551,7,64,PF,2018-03-13 11:48:00,30963.524400000013,28648.37000000001,2022-12-26 11:10:19,2018-03,2018
558,558,7,64,PF,2021-08-23 12:15:00,359.55999999999983,148.95999999999984,,2021-08,2021
565,565,7,64,PF,2016-06-28 12:31:00,4723.793400000009,4450.350000000009,,2016-06,2016
570,570,7,64,PF,2021-12-14 10:13:00,1634.6440000000002,1530.2000000000005,2022-12-29 23:59:07,2021-12,2021
595,595,7,64,PF,2016-10-11 15:15:00,244085.1255,251588.81,2019-07-28 15:05:07,2016-10,2016
657,657,7,64,PF,2020-03-06 13:40:00,76149.84000000001,75325.04,,2020-03,2020
673,673,7,64,PF,2016-09-09 14:30:00,92837.58699999998,86746.65999999997,2022-08-19 17:46:19,2016-09,2016
686,686,7,64,PF,2021-05-26 10:49:00,9942.368399999998,9726.469999999998,,2021-05,2021
702,702,7,64,PF,2017-05-25 15:10:00,26386.725699999988,26892.409999999985,2022-12-29 23:42:02,2017-05,2017
709,709,7,64,PF,2018-09-07 11:13:00,111450.85120000002,107095.24000000002,2022-12-28 04:19:32,2018-09,2018
722,722,7,64,PF,2018-05-16 13:22:00,13669.026999999996,13064.999999999996,,2018-05,2018
738,738,7,64,PF,2018-12-19 16:10:00,17755.95830000001,16268.020000000006,,2018-12,2018
746,746,7,64,PF,2021-08-27 15:36:00,6437.875199999994,6676.279999999995,2022-12-29 23:57:27,2021-08,2021
754,754,7,64,PF,2022-12-15 14:27:00,1251.1583999999991,810.2799999999991,,2022-12,2022
757,757,7,64,PF,2016-12-10 15:46:00,7591.24,7573.15,,2016-12,2016
792,792,7,64,PF,2018-12-08 12:54:00,40346.72699999998,38036.239999999976,,2018-12,2018
818,818,7,64,PF,2021-05-08 12:31:00,40853.20139999999,41083.45999999999,2022-12-29 23:37:02,2021-05,2021
851,851,7,64,PF,2022-05-02 10:45:00,182.17919999999967,152.00999999999974,,2022-05,2022
857,857,7,64,PF,2017-05-14 14:29:00,1985.6648999999993,1836.7099999999991,2022-12-29 23:35:39,2017-05,2017
865,865,7,64,PF,2019-05-06 10:03:00,11394.444499999992,11738.349999999991,,2019-05,2019
873,873,7,64,PF,2021-05-25 15:15:00,179.77120000000374,171.20000000000385,,2021-05,2021
874,874,7,64,PF,2021-11-20 10:46:00,187.6128000000005,67.71000000000055,,2021-11,2021
917,917,7,64,PF,2016-05-18 11:07:00,2074.121299999996,1890.9999999999964,,2016-05,2016
928,928,7,64,PF,2022-12-16 10:46:00,1453.0847999999992,1108.9299999999992,,2022-12,2022
936,936,7,64,PF,2017-03-27 16:43:00,95650.12859999997,98589.37999999996,2021-07-24 07:40:28,2017-03,2017
951,951,7,64,PF,2018-11-19 11:53:00,5283.156599999999,1806.9099999999985,2021-05-05 19:10:09,2018-11,2018
957,957,7,64,PF,2020-08-10 15:07:00,14387.0916,13140.679999999998,,2020-08,2020
973,973,7,64,PF,2020-12-25 15:51:00,3776.5786000000016,3691.8800000000015,,2020-12,2020
992,992,7,64,PF,2020-02-13 12:01:00,2219.0099999999998,2138.159999999999,2022-12-26 21:11:00,2020-02,2020
994,994,7,64,PF,2015-12-02 12:23:00,19719.414,19764.44,2022-12-29 23:59:36,2015-12,2015
7,7,7,84,PF,2018-09-12 13:08:00,98.6544000000009,23.430000000000856,,2018-09,2018
98,98,7,84,PF,2018-02-19 11:29:00,110694.89189999996,103238.16999999995,2019-12-04 08:10:57,2018-02,2018
100,100,7,84,PF,2017-03-10 15:18:00,26815.902,25875.000000000004,,2017-03,2017
117,117,7,84,PF,2022-06-22 10:15:00,61939.956899999976,61304.339999999975,,2022-06,2022
122,122,7,84,PF,2016-10-02 11:23:00,24.674199999999967,11.879999999999972,2019-02-18 13:05:43,2016-10,2016
128,128,7,84,PF,2018-05-22 12:30:00,8.598600000002754,264.7300000000027,,2018-05,2018
133,133,7,84,PF,2022-12-22 10:05:00,264.91360000000066,163.9500000000006,,2022-12,2022
137,137,7,84,PF,2017-01-06 14:34:00,67907.37060000004,62273.860000000015,2022-12-13 01:27:39,2017-01,2017
150,150,7,84,PF,2021-11-04 11:27:00,30578.58299999999,29116.16999999999,,2021-11,2021
151,151,7,84,PF,2018-03-09 15:53:00,29082.29779999999,27325.62999999999,2022-07-16 07:45:02,2018-03,2018
159,159,7,84,PF,2022-06-24 13:01:00,435.89519999999953,410.8099999999996,,2022-06,2022
174,174,7,84,PF,2017-04-21 15:02:00,23287.878,21444.25,2022-09-14 20:46:48,2017-04,2017
181,181,7,84,PF,2021-06-08 15:03:00,32738.63240000001,30918.080000000005,2022-12-29 23:51:04,2021-06,2021
204,204,7,84,PF,2021-02-23 16:46:00,7630.231,7643.5,2022-12-27 08:55:17,2021-02,2021
247,247,7,84,PF,2019-07-25 14:05:00,92174.67920000003,85291.46000000002,,2019-07,2019
256,256,7,84,PF,2020-04-28 16:46:00,3.880000000000162,494.70000000000016,2022-11-02 17:44:43,2020-04,2020
262,262,7,84,PF,2019-10-19 11:14:00,78324.90000000001,78285.28000000001,,2019-10,2019
272,272,7,84,PF,2021-08-25 10:48:00,185905.51350000003,177022.98,,2021-08,2021
281,281,7,84,PF,2016-06-27 15:06:00,1034.3500000000004,669.5500000000004,,2016-06,2016
296,296,7,84,PF,2016-07-03 11:32:00,14857.754400000009,12292.180000000006,2022-07-30 14:40:55,2016-07,2016
311,311,7,84,PF,2021-10-13 12:56:00,2741.6503000000007,1066.0900000000008,,2021-10,2021
318,318,7,84,PF,2017-03-06 12:50:00,49763.06999999999,49705.31999999999,,2017-03,2017
330,330,7,84,PF,2022-06-11 15:44:00,25535.142000000014,23786.800000000017,,2022-06,2022
334,334,7,84,PF,2016-10-08 11:12:00,20727.579999999994,20722.599999999995,,2016-10,2016
349,349,7,84,PF,2019-01-07 15:47:00,28053.58899999999,26634.399999999987,2022-12-29 23:14:40,2019-01,2019
406,406,7,84,PF,2017-08-25 13:16:00,4672.454400000001,4835.910000000004,2022-12-29 23:59:10,2017-08,2017
439,439,7,84,PF,2019-05-18 11:42:00,1.2210000000003394,4032.210000000001,,2019-05,2019
478,478,7,84,PF,2022-06-03 10:52:00,36880.0032,38096.67,,2022-06,2022
489,489,7,84,PF,2019-08-04 13:50:00,230.9075999999998,139.4699999999998,,2019-08,2019
493,493,7,84,PF,2017-12-19 16:53:00,17359.5204,15370.330000000002,,2017-12,2017
494,494,7,84,PF,2019-09-05 11:39:00,353.71199999999976,308.3699999999998,2022-12-29 23:57:44,2019-09,2019
508,508,7,84,PF,2019-05-18 14:07:00,14898.659999999994,14102.079999999993,,2019-05,2019
519,519,7,84,PF,2021-09-14 11:54:00,797.4624000000001,187.19000000000028,2022-12-29 23:55:54,2021-09,2021
536,536,7,84,PF,2020-12-09 14:29:00,457.3550000000001,1236.6,,2020-12,2020
561,561,7,84,PF,2019-01-20 12:19:00,9182.990700000008,8913.970000000007,2022-06-24 08:29:45,2019-01,2019
572,572,7,84,PF,2021-09-21 16:34:00,26.10800000000024,5.730000000000221,,2021-09,2021
589,589,7,84,PF,2018-09-13 13:09:00,74008.7239,71872.79999999999,2020-06-04 21:51:06,2018-09,2018
593,593,7,84,PF,2019-01-12 10:56:00,56788.44629999999,57631.09,,2019-01,2019
607,607,7,84,PF,2015-12-04 11:48:00,1963.9691999999995,1855.39,2018-09-08 03:23:55,2015-12,2015
618,618,7,84,PF,2018-12-14 11:23:00,11413.906399999996,10896.789999999995,2020-05-13 12:18:10,2018-12,2018
627,627,7,84,PF,2020-12-14 13:51:00,143.33550000000008,11.61000000000007,,2020-12,2020
645,645,7,84,PF,2022-05-24 13:33:00,296.4416999999995,270.0899999999995,,2022-05,2022
658,658,7,84,PF,2017-02-07 12:10:00,10623.523400000002,10255.330000000002,2019-09-20 20:58:34,2017-02,2017
660,660,7,84,PF,2022-10-28 14:34:00,64380.38879999997,61857.219999999965,,2022-10,2022
663,663,7,84,PF,2020-07-21 14:21:00,318.79119999999983,209.44999999999985,,2020-07,2020
682,682,7,84,PF,2020-10-14 16:53:00,20.308200000000344,225.71000000000032,,2020-10,2020
695,695,7,84,PF,2021-04-18 15:39:00,18491.938500000007,17175.37000000001,,2021-04,2021
708,708,7,84,PF,2020-07-19 11:21:00,959.208000000008,770.500000000008,2022-11-04 04:20:04,2020-07,2020
729,729,7,84,PF,2020-08-21 10:13:00,267.79119999999995,223.20999999999992,2022-12-29 23:59:37,2020-08,2020
734,734,7,84,PF,2020-08-17 15:00:00,1021.1031999999918,953.189999999992,,2020-08,2020
745,745,7,84,PF,2017-04-23 15:36:00,24507.8028,22446.31,,2017-04,2017
803,803,7,84,PF,2021-11-17 12:01:00,71217.55220000002,67168.87000000001,,2021-11,2021
822,822,7,84,PF,2022-12-16 15:58:00,238.97000000000008,212.94000000000003,,2022-12,2022
827,827,7,84,PF,2022-10-24 14:44:00,107556.2928,99308.13,,2022-10,2022
860,860,7,84,PF,2021-04-15 14:16:00,41005.77479999997,37774.10999999997,,2021-04,2021
882,882,7,84,PF,2020-09-20 12:10:00,12488.900000000012,12478.81000000001,,2020-09,2020
884,884,7,84,PF,2017-08-06 11:01:00,13113.031999999988,12932.069999999989,2022-12-29 23:43:26,2017-08,2017
893,893,7,84,PF,2022-07-19 13:30:00,310.48,298.54,,2022-07,2022
929,929,7,84,PF,2019-02-27 13:07:00,34456.312800000014,32992.26000000002,2022-11-13 05:06:34,2019-02,2019
942,942,7,84,PF,2015-10-24 15:54:00,48.257500000001485,292.6500000000015,2021-07-27 13:03:47,2015-10,2015
944,944,7,84,PF,2020-05-09 11:42:00,18246.871800000008,16570.43000000001,,2020-05,2020
948,948,7,84,PF,2016-09-25 15:39:00,22981.421399999992,23251.52999999999,,2016-09,2016
959,959,7,84,PF,2022-06-07 12:06:00,9579.724000000002,10044.110000000002,,2022-06,2022
964,964,7,84,PF,2021-06-24 14:15:00,938.7000000000008,17.600000000000705,,2021-06,2021
969,969,7,84,PF,2020-10-18 10:41:00,19705.8364,19084.52,,2020-10,2020
986,986,7,84,PF,2016-01-23 12:45:00,3674.6115000000023,3468.330000000002,2019-01-19 05:34:40,2016-01,2016
999,999,7,84,PF,2017-08-25 15:13:00,18697.456800000007,18628.42000000001,,2017-08,2017
12,12,7,85,PF,2016-01-13 12:28:00,437.2888000000016,405.4100000000015,2022-12-29 23:59:58,2016-01,2016
13,13,7,85,PF,2022-12-16 11:20:00,229.7789999999996,212.4999999999996,,2022-12,2022
20,20,7,85,PF,2021-05-20 15:06:00,50155.81220000001,49629.64000000001,,2021-05,2021
58,58,7,85,PF,2017-11-02 12:54:00,55549.86299999999,57199.63,,2017-11,2017
63,63,7,85,PF,2019-04-10 12:23:00,2354.249400000002,2160.9900000000016,,2019-04,2019
91,91,7,85,PF,2020-02-17 10:45:00,51889.378800000006,50612.740000000005,2022-12-29 23:59:30,2020-02,2020
123,123,7,85,PF,2021-10-16 15:35:00,308.1314,186.78999999999996,,2021-10,2021
182,182,7,85,PF,2020-11-04 12:06:00,6257.189999999998,6395.689999999998,,2020-11,2020
273,273,7,85,PF,2020-04-27 11:42:00,65.48850000000017,29.70000000000016,,2020-04,2020
308,308,7,85,PF,2018-06-26 14:23:00,28868.039600000007,26440.840000000007,,2018-06,2018
314,314,7,85,PF,2017-02-11 12:07:00,19172.34800000001,17788.250000000007,2022-12-23 08:14:19,2017-02,2017
324,324,7,85,PF,2022-01-11 15:19:00,123.13560000000156,103.13000000000146,,2022-01,2022
335,335,7,85,PF,2022-01-02 11:09:00,751.0650000000002,709.0100000000001,,2022-01,2022
337,337,7,85,PF,2017-08-03 14:16:00,36506.966399999976,37852.089999999975,2022-12-29 08:42:23,2017-08,2017
338,338,7,85,PF,2016-03-07 14:26:00,185276.1219,179836.58999999994,,2016-03,2016
345,345,7,85,PF,2017-12-08 13:24:00,11346.320999999994,10598.119999999995,,2017-12,2017
348,348,7,85,PF,2018-03-03 11:58:00,51345.40359999999,48405.149999999994,2021-10-06 04:37:41,2018-03,2018
367,367,7,85,PF,2015-08-21 11:07:00,15067.750499999996,15142.779999999995,2021-11-06 12:28:06,2015-08,2015
369,369,7,85,PF,2022-10-09 11:31:00,2372.7955999999986,2392.1399999999985,,2022-10,2022
378,378,7,85,PF,2018-03-18 12:36:00,1483.7993,1454.9899999999998,2020-12-28 07:37:42,2018-03,2018
384,384,7,85,PF,2022-03-10 13:20:00,26811.230400000004,25982.42000000001,,2022-03,2022
391,391,7,85,PF,2020-06-21 11:39:00,221113.68240000005,215962.42000000004,2022-10-16 07:03:56,2020-06,2020
392,392,7,85,PF,2015-12-26 15:09:00,4970.3188,4563.98,2019-09-23 00:15:52,2015-12,2015
396,396,7,85,PF,2021-09-24 11:11:00,7540.1086,7091.650000000001,,2021-09,2021
397,397,7,85,PF,2018-10-13 10:51:00,40026.369599999976,36169.339999999975,2022-12-29 22:02:26,2018-10,2018
409,409,7,85,PF,2015-11-08 14:10:00,17764.6188,18283.47,2021-04-07 14:37:17,2015-11,2015
458,458,7,85,PF,2017-07-02 14:47:00,55600.617600000034,57884.81000000004,,2017-07,2017
463,463,7,85,PF,2017-04-02 13:32:00,13633.897199999989,13891.759999999987,2020-11-08 15:13:48,2017-04,2017
465,465,7,85,PF,2017-10-07 14:54:00,6002.172,6030.19,2021-08-25 16:37:01,2017-10,2017
469,469,7,85,PF,2018-09-27 11:50:00,43152.17300000001,45107.740000000005,,2018-09,2018
471,471,7,85,PF,2022-10-20 16:02:00,592.7341000000001,529.5300000000002,,2022-10,2022
483,483,7,85,PF,2022-10-23 11:12:00,59749.5076,56176.70999999999,,2022-10,2022
502,502,7,85,PF,2021-12-19 15:05:00,58387.6359,58427.81,,2021-12,2021
503,503,7,85,PF,2020-11-25 13:30:00,5085.3528,5111.28,,2020-11,2020
511,511,7,85,PF,2018-11-07 11:57:00,36503.11349999998,38393.27999999998,2022-12-18 17:28:23,2018-11,2018
522,522,7,85,PF,2016-11-05 13:26:00,1004.8938000000004,377.69000000000045,2021-01-25 19:40:47,2016-11,2016
524,524,7,85,PF,2019-11-02 11:32:00,75259.85160000004,70788.36000000003,2022-12-29 23:53:37,2019-11,2019
609,609,7,85,PF,2017-05-14 15:03:00,57623.745200000005,58782.09000000001,2021-09-04 06:56:17,2017-05,2017
619,619,7,85,PF,2020-04-02 14:43:00,11.71800000000019,789.1600000000002,2022-05-21 03:34:21,2020-04,2020
675,675,7,85,PF,2019-04-24 13:55:00,43784.879400000005,40696.79000000001,,2019-04,2019
694,694,7,85,PF,2022-04-07 14:35:00,137.4449999999996,98.6699999999996,,2022-04,2022
696,696,7,85,PF,2021-12-24 13:02:00,331.3232999999999,133.8899999999999,,2021-12,2021
719,719,7,85,PF,2016-08-16 13:16:00,13048.585500000005,13317.150000000003,2019-12-20 19:18:15,2016-08,2016
724,724,7,85,PF,2019-08-07 13:31:00,1378.0013999999992,1349.5399999999993,2022-09-14 05:40:11,2019-08,2019
731,731,7,85,PF,2017-07-21 11:57:00,857.7536999999984,512.9299999999985,2022-12-26 20:38:55,2017-07,2017
772,772,7,85,PF,2017-06-08 11:13:00,53692.83720000001,50042.79,2021-11-12 13:19:09,2017-06,2017
777,777,7,85,PF,2022-01-07 13:03:00,1200.7610999999988,577.5899999999988,,2022-01,2022
791,791,7,85,PF,2015-10-21 13:49:00,5609.509200000006,4787.190000000005,2022-12-27 23:54:19,2015-10,2015
795,795,7,85,PF,2022-02-25 15:08:00,100.63640000000024,51.65000000000024,,2022-02,2022
806,806,7,85,PF,2018-05-02 13:32:00,584.9799999999999,576.9599999999999,2022-12-29 23:48:23,2018-05,2018
811,811,7,85,PF,2018-08-06 11:04:00,7630.793999999989,7722.449999999989,2022-08-24 03:53:49,2018-08,2018
812,812,7,85,PF,2018-10-24 12:26:00,15943.420799999996,16354.829999999996,2022-06-29 15:52:37,2018-10,2018
823,823,7,85,PF,2022-01-18 12:45:00,383.59260000000006,357.2700000000001,,2022-01,2022
847,847,7,85,PF,2017-10-23 12:25:00,84.56579999999992,35.29999999999993,2022-08-18 01:29:44,2017-10,2017
908,908,7,85,PF,2021-04-02 10:22:00,121.06639999999992,146.4899999999999,,2021-04,2021
933,933,7,85,PF,2015-08-12 13:49:00,18663.66379999999,17579.48999999999,2017-10-10 15:46:46,2015-08,2015
965,965,7,85,PF,2016-08-28 14:28:00,321.1340000000006,411.6400000000005,,2016-08,2016
976,976,7,85,PF,2015-09-16 15:49:00,68294.77199999997,64946.45999999996,2019-08-14 20:05:43,2015-09,2015
32,32,7,86,PF,2017-12-14 14:59:00,17618.68160000001,16884.65000000001,2020-10-04 07:29:28,2017-12,2017
88,88,7,86,PF,2020-10-07 14:15:00,13428.2208,13974.82,,2020-10,2020
99,99,7,86,PF,2017-10-14 12:58:00,6519.999999999996,6492.199999999995,,2017-10,2017
101,101,7,86,PF,2018-11-05 14:17:00,111513.0388,105076.54,2022-12-29 23:44:00,2018-11,2018
121,121,7,86,PF,2021-02-08 11:22:00,560.0920000000003,167.8500000000003,,2021-02,2021
156,156,7,86,PF,2018-09-03 15:21:00,77724.42,77618.77,2021-08-29 14:31:08,2018-09,2018
184,184,7,86,PF,2018-11-12 13:09:00,30326.432,31954.14,,2018-11,2018
194,194,7,86,PF,2016-12-18 14:20:00,6724.231799999996,6042.249999999996,2021-12-11 04:38:39,2016-12,2016
214,214,7,86,PF,2017-04-04 14:29:00,62.29860000000011,51.5600000000001,,2017-04,2017
219,219,7,86,PF,2022-02-17 10:52:00,45527.321,46013.39,,2022-02,2022
236,236,7,86,PF,2020-02-25 11:42:00,21089.260799999996,21928.039999999997,,2020-02,2020
268,268,7,86,PF,2016-07-06 16:25:00,745.3471999999992,548.6799999999993,2022-04-21 03:27:50,2016-07,2016
282,282,7,86,PF,2017-10-03 12:41:00,156.65500000000011,78.30000000000011,,2017-10,2017
287,287,7,86,PF,2020-07-20 13:04:00,37008.84479999999,38511.37999999999,,2020-07,2020
305,305,7,86,PF,2021-07-13 13:43:00,275.73900000000344,187.48000000000323,,2021-07,2021
336,336,7,86,PF,2020-10-18 13:03:00,5.061099999999716,33.559999999999725,,2020-10,2020
344,344,7,86,PF,2022-05-25 13:35:00,142.33570000000012,26.170000000000115,,2022-05,2022
400,400,7,86,PF,2018-04-21 15:16:00,27.315199999999887,9013.16,,2018-04,2018
401,401,7,86,PF,2020-12-18 11:53:00,51461.899999999994,51296.899999999994,2022-08-07 02:42:20,2020-12,2020
403,403,7,86,PF,2020-03-17 13:11:00,53898.489400000006,50265.66,,2020-03,2020
404,404,7,86,PF,2022-06-05 15:57:00,32344.56470000001,31038.090000000007,,2022-06,2022
426,426,7,86,PF,2022-06-27 11:26:00,152392.83460000012,139689.9400000001,,2022-06,2022
436,436,7,86,PF,2019-12-10 12:32:00,8634.920499999997,9025.439999999999,,2019-12,2019
445,445,7,86,PF,2019-10-18 14:44:00,9499.4237,7373.57,2022-12-29 18:13:01,2019-10,2019
470,470,7,86,PF,2016-10-03 14:01:00,14772.137799999991,12201.819999999992,,2016-10,2016
474,474,7,86,PF,2020-01-12 10:03:00,116.68480000000017,13.080000000000156,,2020-01,2020
563,563,7,86,PF,2021-07-10 11:51:00,46720.60020000001,46232.240000000005,,2021-07,2021
569,569,7,86,PF,2016-11-25 12:47:00,38.11599999999987,10.869999999999877,,2016-11,2016
583,583,7,86,PF,2020-06-25 14:02:00,380.63339999999863,128.1699999999987,,2020-06,2020
594,594,7,86,PF,2019-11-26 14:01:00,1648.6179999999997,1131.0999999999997,2022-11-27 00:35:22,2019-11,2019
605,605,7,86,PF,2022-05-02 16:57:00,50226.31019999999,49704.079999999994,,2022-05,2022
629,629,7,86,PF,2018-06-15 13:15:00,4654.489299999994,4310.239999999993,2022-12-29 23:49:27,2018-06,2018
654,654,7,86,PF,2019-05-24 12:34:00,48933.5008,46182.70999999999,,2019-05,2019
665,665,7,86,PF,2019-12-11 14:35:00,15668.516699999982,16088.409999999982,,2019-12,2019
669,669,7,86,PF,2016-04-15 14:26:00,67205.88239999999,55598.11999999998,2020-04-14 01:45:56,2016-04,2016
683,683,7,86,PF,2022-03-06 13:25:00,4130.391,4337.7699999999995,,2022-03,2022
707,707,7,86,PF,2016-10-22 14:14:00,60833.22839999999,59617.24999999999,2019-01-13 13:11:29,2016-10,2016
748,748,7,86,PF,2019-06-19 11:57:00,49285.00799999998,50788.54999999998,,2019-06,2019
784,784,7,86,PF,2020-07-27 12:34:00,373.39179999999993,331.30999999999995,,2020-07,2020
788,788,7,86,PF,2021-06-11 11:11:00,38.44049999999949,243.4099999999995,,2021-06,2021
809,809,7,86,PF,2021-05-18 16:15:00,901.6800000000003,568.8000000000004,,2021-05,2021
816,816,7,86,PF,2017-04-18 15:01:00,157.97099999999975,57.039999999999765,2022-12-23 13:45:19,2017-04,2017
835,835,7,86,PF,2019-12-09 11:43:00,39400.281,38090.6,,2019-12,2019
843,843,7,86,PF,2019-08-09 10:35:00,11976.374200000002,11226.090000000002,2021-07-02 02:15:55,2019-08,2019
854,854,7,86,PF,2017-04-13 12:22:00,656.2534999999988,652.9399999999988,,2017-04,2017
859,859,7,86,PF,2020-11-03 11:41:00,4935.646699999999,1943.3899999999996,,2020-11,2020
867,867,7,86,PF,2016-10-14 12:02:00,112726.72000000002,112686.21000000002,2019-03-15 11:54:30,2016-10,2016
885,885,7,86,PF,2018-03-01 15:45:00,16065.413499999991,15859.55999999999,2020-09-02 02:39:39,2018-03,2018
894,894,7,86,PF,2019-06-04 12:01:00,39102.76400000001,36479.200000000004,2022-10-23 19:09:11,2019-06,2019
901,901,7,86,PF,2020-01-18 13:48:00,18.920999999999605,310.44999999999965,,2020-01,2020
907,907,7,86,PF,2022-08-01 12:44:00,4204.5822,4444.39,,2022-08,2022
921,921,7,86,PF,2021-09-03 15:52:00,334.41099999999926,297.91999999999933,,2021-09,2021
922,922,7,86,PF,2022-08-17 11:05:00,38032.113,36903.26,,2022-08,2022
931,931,7,86,PF,2020-09-14 14:09:00,16674.268300000003,16089.490000000002,,2020-09,2020
949,949,7,86,PF,2016-07-07 10:30:00,762.4986000000001,635.6200000000001,2021-12-26 08:41:06,2016-07,2016
961,961,7,86,PF,2020-05-13 11:41:00,91464.29,91423.61,,2020-05,2020
962,962,7,86,PF,2022-07-19 15:11:00,15163.9884,15247.75,,2022-07,2022
978,978,7,86,PF,2022-03-07 14:38:00,15455.424599999991,15291.839999999993,,2022-03,2022
985,985,7,86,PF,2018-01-18 15:15:00,24814.108,22495.77,2021-06-26 00:54:13,2018-01,2018
30,30,8,33,PF,2018-01-26 14:53:00,129.65550000000292,957.1500000000026,,2018-01,2018
475,475,8,33,PF,2020-05-04 13:45:00,82402.71200000001,82534.20000000001,,2020-05,2020
858,858,8,33,PF,2018-11-28 11:24:00,628.7777999999875,297.1099999999872,2022-04-14 16:47:44,2018-11,2018
38,38,8,35,PF,2021-08-23 12:15:00,31493.59359999999,31765.419999999987,,2021-08,2021
125,125,8,35,PF,2019-04-08 12:41:00,10863.58,12932.35,2022-12-29 23:59:57,2019-04,2019
428,428,8,35,PF,2019-11-27 14:29:00,61602.48940000002,56521.820000000014,,2019-11,2019
526,526,8,35,PF,2018-09-16 15:21:00,37666.71999999998,37588.74999999998,2022-12-29 20:03:55,2018-09,2018
869,869,8,35,PF,2021-04-09 13:01:00,1807.3464999999983,1835.4199999999985,,2021-04,2021
872,872,8,35,PF,2021-01-16 10:38:00,74.70360000000004,55.00000000000002,,2021-01,2021
120,120,8,40,PF,2021-11-18 10:05:00,448.5199999999999,400.94999999999993,,2021-11,2021
453,453,8,40,PF,2022-01-14 13:16:00,20.25540000000043,218.06000000000049,,2022-01,2022
918,918,8,40,PF,2020-05-16 11:58:00,666.0990000000004,502.4600000000004,2022-12-29 22:20:07,2020-05,2020
209,209,8,51,PF,2021-02-07 12:38:00,21.629999999999875,8.359999999999875,,2021-02,2021
407,407,8,51,PF,2019-05-18 13:18:00,6002.910000000003,5776.050000000002,2021-11-15 10:22:45,2019-05,2019
556,556,8,51,PF,2020-06-08 14:51:00,165.01799999999125,1003.8599999999916,2022-12-29 23:59:57,2020-06,2020
560,560,8,51,PF,2020-07-14 13:09:00,40.79870000000036,17.210000000000328,2022-12-11 22:19:08,2020-07,2020
950,950,8,51,PF,2020-10-23 14:33:00,184.48649999999915,67.74999999999915,2022-07-05 00:56:30,2020-10,2020
44,44,8,68,PF,2020-09-07 14:32:00,26049.303000000007,24401.26000000001,2022-11-05 21:31:22,2020-09,2020
639,639,8,68,PF,2020-04-16 13:45:00,119106.68799999998,122899.56999999998,2022-11-18 12:13:00,2020-04,2020
736,736,8,68,PF,2021-11-06 15:31:00,6682.741999999995,6102.1199999999935,,2021-11,2021
825,825,8,68,PF,2022-04-28 14:01:00,8502.879,7492.980000000001,,2022-04,2022
69,69,8,80,PF,2019-10-26 14:52:00,152.49599999999975,103.47999999999976,,2019-10,2019
288,288,8,80,PF,2018-10-08 10:40:00,527.6039999999997,437.6999999999997,,2018-10,2018
359,359,8,80,PF,2019-01-15 11:27:00,60095.906199999954,57983.03999999996,2022-05-10 20:02:31,2019-01,2019
644,644,8,80,PF,2022-11-06 12:02:00,651.2300000000004,610.8900000000003,,2022-11,2022
693,693,8,80,PF,2020-01-21 13:12:00,162.08850000000007,75.28000000000006,,2020-01,2020
743,743,8,80,PF,2019-05-06 11:39:00,14112.220199999994,12225.509999999997,2022-12-29 23:40:09,2019-05,2019
50,50,8,94,PF,2021-11-17 16:16:00,292.61900000000014,92.12000000000015,,2021-11,2021
672,672,8,94,PF,2019-07-14 12:16:00,15905.062000000002,14492.840000000002,2022-12-29 23:59:55,2019-07,2019
853,853,8,94,PF,2020-11-21 11:32:00,232.55100000000024,223.73000000000027,,2020-11,2020
253,253,9,1,PF,2022-05-27 11:17:00,324.3887999999998,232.7799999999998,,2022-05,2022
313,313,9,1,PF,2022-08-22 13:17:00,4056.6615000000015,4254.340000000002,,2022-08,2022
591,591,9,1,PF,2022-05-19 11:46:00,20638.02760000001,19948.770000000008,,2022-05,2022
793,793,9,1,PF,2020-05-03 15:46:00,19031.0414,19194.430000000004,,2020-05,2020
815,815,9,1,PF,2021-06-21 14:04:00,174.39840000000137,124.26000000000138,,2021-06,2021
111,111,9,11,PF,2021-11-02 11:34:00,8803.3514,8911.519999999999,,2021-11,2021
652,652,9,11,PF,2020-10-23 15:23:00,88153.38399999996,80069.17999999996,2022-08-29 16:01:05,2020-10,2020
726,726,9,11,PF,2019-11-06 15:14:00,6821.059199999999,7091.999999999998,,2019-11,2019
25,25,9,25,PF,2022-09-04 10:40:00,9489.888800000013,9647.990000000014,,2022-09,2022
132,132,9,25,PF,2022-08-18 11:53:00,57046.99559999995,57686.21999999995,,2022-08,2022
585,585,9,25,PF,2022-10-20 11:04:00,44649.386600000005,40913.97000000001,,2022-10,2022
96,96,9,38,PF,2022-08-15 13:30:00,317.94879999999995,257.7499999999999,,2022-08,2022
443,443,9,38,PF,2022-01-03 11:42:00,470.7339999999994,383.6099999999995,,2022-01,2022
713,713,9,38,PF,2019-10-10 10:50:00,6769.575400000001,6828.530000000001,,2019-10,2019
66,66,9,39,PF,2021-05-19 13:18:00,134.87439999999538,78.43999999999563,2022-06-24 02:32:39,2021-05,2021
321,321,9,39,PF,2020-04-24 10:58:00,706.2223000000002,444.63000000000017,,2020-04,2020
916,916,9,39,PF,2020-01-17 11:30:00,20401.1015,18537.45,,2020-01,2020
947,947,9,39,PF,2022-09-02 15:11:00,36730.3761,37095.21,,2022-09,2022
10,10,9,75,PF,2020-11-03 14:04:00,30742.0416,28682.48,,2020-11,2020
34,34,9,75,PF,2022-08-02 15:03:00,31583.455200000008,29187.790000000005,,2022-08,2022
711,711,9,75,PF,2022-12-08 14:47:00,342.77039999999977,235.75999999999976,,2022-12,2022
278,278,9,90,PF,2020-04-17 15:47:00,47525.720000000016,47220.720000000016,,2020-04,2020
512,512,9,90,PF,2020-05-12 12:40:00,5687.065999999999,4791.859999999999,2022-02-06 14:04:31,2020-05,2020
648,648,9,90,PF,2021-07-28 15:32:00,5011.144200000004,4585.310000000004,,2021-07,2021
904,904,9,90,PF,2020-12-16 14:36:00,153177.78040000013,143607.0400000001,2022-12-29 08:00:16,2020-12,2020
41,41,9,91,PF,2020-02-28 12:44:00,53.16300000000147,91.53000000000131,,2020-02,2020
79,79,9,91,PF,2022-12-03 10:51:00,883.0500000000003,642.8000000000004,,2022-12,2022
136,136,9,91,PF,2021-03-24 13:43:00,34431.6049,32145.32,,2021-03,2021
257,257,9,91,PF,2021-05-20 14:11:00,2937.3320000000003,2641.36,,2021-05,2021
770,770,9,91,PF,2022-04-04 12:34:00,62511.09060000002,29401.580000000016,,2022-04,2022
466,466,10,8,PF,2022-10-26 14:13:00,7847.416500000007,9351.630000000006,,2022-10,2022
764,764,10,8,PF,2022-09-08 11:06:00,65495.187200000015,64823.140000000014,,2022-09,2022
488,488,10,18,PF,2022-07-16 10:16:00,8663.608100000003,6836.5700000000015,,2022-07,2022
395,395,10,95,PF,2022-12-01 15:27:00,23156.206500000008,21578.33000000001,,2022-12,2022
355,355,10,100,PF,2022-10-22 14:50:00,10680.152400000004,10336.340000000002,,2022-10,2022
